chainID,iCode,resSeq,leaflet=a;resname=DPPC;bead=Tail_2,leaflet=a;resname=DPPC;bead=Phosphate,leaflet=a;resname=DPPC;bead=Choline,leaflet=a;resname=DPPC;bead=Tail_1,leaflet=a;resname=DPPC;bead=Tail_4,leaflet=a;resname=DPPC;bead=Glycerol,leaflet=a;resname=DPPC;bead=Tail_3,leaflet=b;resname=DPPC;bead=Tail_2,leaflet=b;resname=DPPC;bead=Phosphate,leaflet=b;resname=DPPC;bead=Choline,leaflet=b;resname=DPPC;bead=Tail_1,leaflet=b;resname=DPPC;bead=Tail_4,leaflet=b;resname=DPPC;bead=Glycerol,leaflet=b;resname=DPPC;bead=Tail_3,group=Tail,group=Solvent,group=Head,leaflet=flip,resname=ION,resname=W,z,leaflet_upper,leaflet_lower,ss
A,,1,0,0,0,0,0,0,0,0,0,0,0,0,0,0,0,0.961,0,0,0.053,0.955,-6.304,18.938,-10.29,alpha
A,,2,0,0,0,0,0,0,0,0,0,0,0,0,0,0,0,1,0,0,0.15,1,-8.528,18.931,-10.297,beta
A,,3,0,0,0,0,0,0,0,0,0,0,0,0,0,0,0,0.239,0,0,0.011,0.232,-8.197,18.918,-10.31,beta
A,,4,0,0,0,0,0,0,0,0,0,0,0,0,0,0,0,1,0,0,0.194,1,-9.01,18.905,-10.333,beta
A,,5,0,0,0,0,0,0,0,0,0,0,0,0,0,0,0,1,0,0,0.277,1,-11.814,18.894,-10.367,beta
A,,6,0,0,0,0,0,0,0,0,0,0,0,0,0,0,0,1,0,0,0.425,1,-13.872,18.888,-10.413,beta
A,,7,0,0,0,0,0,0,0,0,0,0.007,0,0,0,0,0,1,0.007,0,0.508,1,-15.024,18.888,-10.47,none
A,,8,0,0,0,0,0,0,0,0,0,0.009,0,0,0,0,0,0.999,0.009,0,0.385,0.998,-12.084,18.895,-10.531,none
A,,9,0,0,0,0,0,0,0,0,0,0.001,0,0,0,0,0,0.988,0.001,0,0.258,0.979,-8.993,18.911,-10.585,beta
A,,10,0,0,0,0,0,0,0,0,0,0,0,0,0,0,0,1,0,0,0.303,1,-7.866,18.94,-10.622,beta
A,,11,0,0,0,0,0,0,0,0,0,0,0,0,0,0,0,0.063,0,0,0.005,0.058,-5.756,18.986,-10.632,beta
A,,12,0,0,0,0,0,0,0,0,0,0,0,0,0,0,0,0.969,0,0,0.041,0.956,-4.763,19.051,-10.612,beta
A,,13,0,0,0,0,0,0,0,0,0,0,0,0,0,0,0,0.002,0,0,0,0.002,-2.367,19.132,-10.566,beta
A,,14,0,0,0,0,0,0,0,0,0,0,0,0,0,0,0,0.999,0,0,0.145,0.999,-0.405,19.219,-10.506,beta
A,,15,0,0,0,0,0,0,0,0,0,0,0,0,0,0,0,0.223,0,0,0.015,0.207,1.792,19.294,-10.443,beta
A,,16,0,0,0,0,0,0,0,0,0,0,0,0,0,0,0,0.999,0,0,0.155,0.999,2.741,19.332,-10.384,beta
A,,17,0,0,0,0,0,0,0,0,0,0,0,0,0,0,0,0,0,0,0,0,5.021,19.315,-10.333,beta
A,,18,0,0,0,0,0,0,0,0,0,0,0,0,0,0,0,0.649,0,0,0.011,0.643,6.7,19.234,-10.285,beta
A,,19,0,0,0,0,0,0,0,0,0,0,0,0,0,0,0,0,0,0,0,0,7.655,19.105,-10.234,beta
A,,20,0,0,0,0,0,0,0,0,0,0,0,0,0,0,0,0.262,0,0,0.009,0.254,10.111,18.982,-10.173,beta
A,,21,0.021,0.2,0.13,0.088,0.048,0.289,0.009,0,0,0,0,0.013,0,0.001,0.169,0.414,0.383,0,0.068,0.364,12.764,18.769,-10.103,beta
A,,22,0,0.011,0.013,0,0.001,0.022,0,0,0,0,0,0,0,0,0.001,0.682,0.034,0,0.021,0.673,15.502,19.461,-10.028,beta
A,,23,0.524,0.426,0.346,0.753,0.245,0.747,0.251,0,0,0,0,0.286,0,0.017,0.977,0.964,0.822,0,0.16,0.945,16.56,20.084,-9.957,beta
A,,24,0,0.241,0.28,0,0.001,0.086,0,0,0,0,0,0,0,0,0.001,0.844,0.433,0,0.107,0.803,20.128,20.637,-9.9,beta
A,,25,0,0.178,0.617,0,0,0.009,0,0,0,0,0,0,0,0,0,1,0.654,0,0.309,1,23.404,21.183,-9.866,none
A,,26,0,0,0,0,0,0,0,0,0,0,0,0,0,0,0,1,0,0,0.106,0.999,25.161,21.137,-9.859,none
A,,27,0,0.019,0.015,0,0,0,0,0,0,0,0,0,0,0,0,1,0.033,0,0.161,1,24.819,21.146,-9.879,none
A,,28,0,0,0,0,0,0,0,0,0,0,0,0,0,0,0,1,0,0,0.352,1,25.438,21.135,-9.922,none
A,,29,0,0,0,0,0,0,0,0,0,0,0,0,0,0,0,0.997,0,0,0.045,0.995,21.624,21.116,-9.983,none
A,,30,0,0.051,0.233,0,0,0.002,0,0,0,0,0,0,0,0,0,0.91,0.257,0,0.132,0.885,20.16,21.136,-10.053,alpha
A,,31,0,0.014,0.08,0,0,0,0,0,0,0,0,0,0,0,0,0.259,0.089,0,0.061,0.198,18.178,20.815,-10.124,beta
A,,32,0,0.006,0.063,0,0,0,0,0,0,0,0,0,0,0,0,0.206,0.068,0,0.052,0.153,15.565,20.547,-10.188,beta
A,,33,0,0,0,0,0,0,0,0,0,0,0,0,0,0,0,0.902,0,0,0.02,0.896,14.465,20.303,-10.243,alpha
A,,34,0,0,0,0,0,0,0,0,0,0,0,0,0,0,0,0,0,0,0,0,11.685,20.101,-10.29,alpha
A,,35,0,0,0,0,0,0,0,0,0,0,0,0,0,0,0,0.999,0,0,0.041,0.999,10.605,19.935,-10.337,beta
A,,36,0,0,0,0,0,0,0,0,0,0,0,0,0,0,0,0,0,0,0,0,7.954,19.789,-10.395,beta
A,,37,0,0,0,0,0,0,0,0,0,0,0,0,0,0,0,0.999,0,0,0.129,0.998,6.85,19.646,-10.477,beta
A,,38,0,0,0,0,0,0,0,0,0,0,0,0,0,0,0,0.169,0,0,0.012,0.157,4.862,19.497,-10.59,beta
A,,39,0,0,0,0,0,0,0,0,0,0,0,0,0,0,0,0.235,0,0,0.015,0.219,3.166,19.342,-10.738,beta
A,,40,0,0,0,0,0,0,0,0,0,0,0,0,0,0,0,0.005,0,0,0,0.005,0.822,19.187,-10.914,beta
A,,41,0,0,0,0,0,0,0,0,0,0,0,0,0,0,0,1,0,0,0.142,1,-0.898,19.039,-11.105,beta
A,,42,0,0,0,0,0,0,0,0,0,0,0,0,0,0,0,0.002,0,0,0,0.002,-3.015,18.906,-11.299,beta
A,,43,0,0,0,0,0,0,0,0,0,0,0,0,0,0,0,0.998,0,0,0.173,0.995,-5.127,18.789,-11.488,beta
A,,44,0,0,0,0,0,0,0,0,0,0,0,0,0,0,0,0.807,0,0,0.143,0.739,-6.634,18.692,-11.672,beta
A,,45,0,0,0,0,0,0,0,0,0.002,0.019,0,0,0,0,0,1,0.021,0,0.385,1,-8.931,18.615,-11.868,beta
A,,46,0,0,0,0,0,0,0,0,0.2,0.189,0.009,0,0.194,0,0.009,0.914,0.466,0,0.108,0.891,-8.204,18.561,-12.044,none
A,,47,0,0,0,0,0,0,0,0.002,0.695,0.624,0.136,0,0.56,0,0.136,0.998,0.932,0,0.24,0.997,-11.457,18.534,-12.49,none
A,,48,0,0,0,0,0,0,0,0,0.406,0.574,0.001,0,0.091,0,0.001,1,0.714,0,0.403,1,-13.36,18.533,-13.246,none
A,,49,0,0,0,0,0,0,0,0.017,0.636,0.518,0.14,0.001,0.624,0.003,0.145,0.998,0.881,0,0.239,0.997,-10.487,18.555,-13.313,none
A,,50,0,0,0,0,0.003,0,0,0.157,0.144,0.102,0.694,0.002,0.711,0.009,0.726,0.568,0.759,0,0.029,0.555,-7.148,18.596,-13.181,beta
A,,51,0,0,0,0,0,0,0,0,0,0,0,0,0,0,0,0.982,0,0,0.147,0.967,-6.153,18.653,-13.011,beta
A,,52,0,0,0,0,0,0,0,0,0,0,0,0,0,0,0,0,0,0,0,0,-2.702,18.723,-12.759,beta
A,,53,0,0,0,0,0,0,0,0,0,0,0,0,0,0,0,0.999,0,0,0.139,0.997,-0.794,18.806,-12.436,beta
A,,54,0,0,0,0,0,0,0,0,0,0,0,0,0,0,0,0,0,0,0,0,1.459,18.904,-12.064,beta
A,,55,0,0,0,0,0,0,0,0,0,0,0,0,0,0,0,0.976,0,0,0.059,0.967,3.244,19.014,-11.674,beta
A,,56,0,0,0,0,0,0,0,0,0,0,0,0,0,0,0,0,0,0,0,0,5.748,19.134,-11.305,beta
A,,57,0,0,0,0,0,0,0,0,0,0,0,0,0,0,0,0.953,0,0,0.078,0.919,7.286,19.258,-10.988,beta
A,,58,0,0,0,0,0,0,0,0,0,0,0,0,0,0,0,0,0,0,0,0,9.748,19.374,-10.745,beta
A,,59,0,0,0,0,0,0,0,0,0,0,0,0,0,0,0,0.425,0,0,0.005,0.42,11.188,19.471,-10.584,beta
A,,60,0,0,0,0,0,0,0,0,0,0,0,0,0,0,0,0,0,0,0,0,12.304,19.54,-10.504,beta
A,,61,0,0,0,0,0,0,0,0,0,0,0,0,0,0,0,0.958,0,0,0.022,0.951,13.692,19.577,-10.495,beta
A,,62,0,0,0,0,0,0,0,0,0,0,0,0,0,0,0,0,0,0,0,0,12.719,19.586,-10.538,none
A,,63,0,0,0,0,0,0,0,0,0,0,0,0,0,0,0,0.917,0,0,0.016,0.906,15.57,19.575,-10.614,none
A,,64,0,0,0,0,0,0,0,0,0,0,0,0,0,0,0,0.997,0,0,0.088,0.995,18.832,19.554,-10.696,none
A,,65,0,0,0,0,0,0,0,0,0,0,0,0,0,0,0,0.061,0,0,0,0.06,19.207,19.533,-10.76,alpha
A,,66,0,0,0,0,0,0,0,0,0,0,0,0,0,0,0,0.408,0,0,0.003,0.405,18.726,19.518,-10.79,none
A,,67,0,0,0,0,0,0,0,0,0,0,0,0,0,0,0,1,0,0,0.253,1,22.154,19.51,-10.784,none
A,,68,0,0,0,0,0,0,0,0,0,0,0,0,0,0,0,1,0,0,0.409,1,21.737,19.503,-10.756,alpha
A,,69,0,0,0,0,0,0,0,0,0,0,0,0,0,0,0,0.991,0,0,0.107,0.981,18.964,19.49,-10.734,alpha
A,,70,0,0,0,0,0,0,0,0,0,0,0,0,0,0,0,1,0,0,0.208,1,18.742,19.464,-10.748,alpha
A,,71,0,0,0,0,0,0,0,0,0,0,0,0,0,0,0,0.972,0,0,0.051,0.921,15.595,19.419,-10.822,beta
A,,72,0,0,0,0,0,0,0,0,0,0,0,0,0,0,0,1,0,0,0.103,1,15.635,19.354,-10.971,beta
A,,73,0,0,0,0,0,0,0,0,0,0,0,0,0,0,0,0,0,0,0,0,13.556,19.274,-11.197,beta
A,,74,0,0,0,0,0,0,0,0,0,0,0,0,0,0,0,0.999,0,0,0.079,0.996,11.381,19.188,-11.487,beta
A,,75,0,0,0,0,0,0,0,0,0,0,0,0,0,0,0,0.841,0,0,0.022,0.819,9.335,19.107,-11.822,beta
A,,76,0,0,0,0,0,0,0,0,0,0,0,0,0,0,0,0,0,0,0,0,8.467,19.048,-12.172,beta
A,,77,0,0,0,0,0,0,0,0,0,0,0,0,0,0,0,0.996,0,0,0.06,0.99,7.354,19.024,-12.502,beta
A,,78,0,0,0,0,0,0,0,0,0,0,0,0,0,0,0,0,0,0,0,0,4.119,19.047,-12.781,beta
A,,79,0,0,0,0,0.004,0,0,0,0,0,0,0.006,0,0,0.011,0.004,0,0,0,0.004,2.245,19.121,-12.983,beta
A,,80,0,0,0,0,0.117,0,0.002,0.299,0,0,0.068,0.107,0.003,0.28,0.645,0.007,0.003,0,0,0.007,-0.504,19.237,-13.098,beta
A,,81,0,0,0,0,0,0,0,0.002,0,0.001,0,0,0,0.001,0.003,1,0.001,0,0.203,0.997,-2.924,19.375,-13.13,beta
A,,82,0.011,0,0,0.001,0.451,0,0.09,0.941,0.038,0.015,0.951,0.316,0.652,0.548,1,0.24,0.658,0,0.011,0.231,-5.345,19.509,-13.097,beta
A,,83,0,0,0,0,0,0,0,0.024,0.531,0.433,0.22,0.002,0.749,0.003,0.228,0.992,0.876,0,0.245,0.989,-8.354,19.609,-13.033,none
A,,84,0,0,0,0,0,0,0,0.003,0.488,0.446,0.105,0.001,0.654,0,0.107,0.983,0.862,0,0.304,0.965,-7.624,19.655,-12.93,none
A,,85,0.001,0,0,0,0.322,0,0.025,0.752,0.051,0.035,0.91,0.253,0.676,0.455,0.996,0.211,0.69,0,0.007,0.206,-4.502,19.638,-13.076,none
A,,86,0,0,0,0,0.231,0,0.009,0.009,0,0,0.001,0.154,0.002,0.055,0.446,0.088,0.002,0,0.001,0.087,-1.552,19.568,-13.206,beta
A,,87,0,0,0,0,0.075,0,0.002,0.004,0,0,0,0.054,0,0.01,0.143,0.833,0,0,0.066,0.786,0.42,19.47,-13.348,beta
A,,88,0.353,0.001,0.001,0.2,0.726,0.088,0.562,0.485,0,0,0.048,0.721,0.001,0.823,1,0.106,0.09,0,0,0.106,3.5,19.376,-13.478,beta
A,,89,0.001,0,0,0.001,0.026,0,0.001,0,0,0,0,0.019,0,0.001,0.046,0.207,0,0,0.004,0.203,4.809,19.321,-13.572,beta
A,,90,0.257,0.013,0.004,0.242,0.495,0.155,0.351,0.01,0,0,0,0.604,0,0.163,0.985,0.084,0.159,0,0,0.084,8.72,19.329,-13.609,beta
A,,91,0,0,0,0,0,0,0,0,0,0,0,0,0,0,0,0,0,0,0,0,10.299,19.416,-13.571,beta
A,,92,0,0,0,0,0,0,0,0,0,0,0,0,0,0,0,0,0,0,0,0,11.78,19.579,-13.453,beta
A,,93,0,0,0,0,0,0,0,0,0,0,0,0,0,0,0,0.045,0,0,0.001,0.044,9.949,19.807,-13.259,beta
A,,94,0,0,0,0,0,0,0,0,0,0,0,0,0,0,0,0.999,0,0,0.112,0.999,10.036,20.076,-13,beta
A,,95,0,0,0,0,0,0,0,0,0,0,0,0,0,0,0,0,0,0,0,0,12.138,20.361,-12.69,alpha
A,,96,0,0,0,0,0,0,0,0,0,0,0,0,0,0,0,0.142,0,0,0,0.142,10.457,20.636,-12.342,none
A,,97,0,0,0,0,0,0,0,0,0,0,0,0,0,0,0,0,0,0,0,0,11.685,20.881,-11.965,none
A,,98,0,0,0,0,0,0,0,0,0,0,0,0,0,0,0,0.997,0,0,0.134,0.994,9.613,21.086,-11.57,alpha
A,,99,0,0,0,0,0,0,0,0,0,0,0,0,0,0,0,0.989,0,0,0.063,0.984,6.767,21.247,-11.175,alpha
A,,100,0,0,0,0,0,0,0,0,0,0,0,0,0,0,0,0.071,0,0,0.001,0.07,7.589,21.375,-10.801,alpha
A,,101,0,0,0,0,0,0,0,0,0,0,0,0,0,0,0,0,0,0,0,0,9.841,21.487,-10.478,alpha
A,,102,0,0,0,0,0,0,0,0,0,0,0,0,0,0,0,0.656,0,0,0.051,0.635,7.646,21.602,-10.23,none
A,,103,0,0,0,0,0,0,0,0,0,0,0,0,0,0,0,1,0,0,0.294,1,5.323,21.734,-10.068,none
A,,104,0,0,0,0,0,0,0,0,0,0,0,0,0,0,0,0,0,0,0,0,6.686,21.884,-9.987,none
A,,105,0,0,0,0,0,0,0,0,0,0,0,0,0,0,0,1,0,0,0.221,1,6.944,22.043,-9.967,alpha
A,,106,0,0,0,0,0,0,0,0,0,0,0,0,0,0,0,0.999,0,0,0.181,0.999,4.463,22.192,-9.977,alpha
A,,107,0,0,0,0,0,0,0,0,0,0,0,0,0,0,0,0.795,0,0,0.07,0.742,6.762,22.315,-9.992,none
A,,108,0,0,0,0,0,0,0,0,0,0,0,0,0,0,0,0.951,0,0,0.083,0.936,5.541,22.395,-9.993,none
A,,109,0,0,0,0,0,0,0,0,0,0,0,0,0,0,0,0.999,0,0,0.139,0.997,9.622,22.425,-9.976,none
A,,110,0,0,0,0,0,0,0,0,0,0,0,0,0,0,0,1,0,0,0.165,1,11.543,22.404,-9.948,alpha
A,,111,0,0,0,0,0,0,0,0,0,0,0,0,0,0,0,0.754,0,0,0.107,0.662,11.843,22.33,-9.923,alpha
A,,112,0,0,0,0,0,0,0,0,0,0,0,0,0,0,0,0.692,0,0,0.077,0.628,12.379,22.205,-9.922,alpha
A,,113,0,0,0,0,0,0,0,0,0,0,0,0,0,0,0,1,0,0,0.094,0.999,15.442,22.033,-9.97,alpha
A,,114,0,0,0,0,0,0,0,0,0,0,0,0,0,0,0,0.93,0,0,0,0.93,18.16,21.822,-10.088,none
A,,115,0,0,0,0,0,0,0,0,0,0,0,0,0,0,0,0.304,0,0,0,0.304,18.57,21.586,-10.291,none
A,,116,0,0,0,0,0,0,0,0,0,0,0,0,0,0,0,0.783,0,0,0.017,0.774,18.396,21.345,-10.573,alpha
A,,117,0,0,0,0,0,0,0,0,0,0,0,0,0,0,0,0.994,0,0,0.035,0.992,17.484,21.121,-10.914,none
A,,118,0,0,0,0,0,0,0,0,0,0,0,0,0,0,0,0.17,0,0,0.001,0.17,19.481,20.929,-11.281,none
A,,119,0,0,0,0,0,0,0,0,0,0,0,0,0,0,0,0.889,0,0,0.111,0.8,20.52,20.773,-11.638,none
A,,120,0,0,0,0,0,0,0,0,0,0,0,0,0,0,0,0,0,0,0,0,20.012,20.641,-11.963,none
A,,121,0,0,0,0,0,0,0,0,0,0,0,0,0,0,0,0,0,0,0,0,16.461,20.513,-12.248,none
A,,122,0,0,0,0,0,0,0,0,0,0,0,0,0,0,0,0,0,0,0,0,15.726,20.368,-12.497,none
A,,123,0,0,0,0,0,0,0,0,0,0,0,0,0,0,0,0.956,0,0,0.061,0.939,13.721,20.199,-12.72,none
A,,124,0,0,0,0,0,0,0,0,0,0,0,0,0,0,0,0.998,0,0,0.107,0.995,13.831,20.014,-12.916,beta
A,,125,0,0,0,0,0,0,0,0,0,0,0,0,0,0,0,0,0,0,0,0,16.037,19.837,-13.08,beta
A,,126,0,0,0,0,0,0,0,0,0,0,0,0,0,0,0,0,0,0,0,0,16.251,19.696,-13.199,beta
A,,127,0,0,0,0,0,0,0,0,0,0,0,0,0,0,0,0,0,0,0,0,14.896,19.617,-13.264,beta
A,,128,0,0.004,0.001,0.001,0.001,0.005,0,0,0,0,0,0,0,0,0.002,0.005,0.01,0,0,0.005,12.699,19.612,-13.276,beta
A,,129,0.026,0.012,0.003,0.053,0.146,0.112,0.043,0,0,0,0,0.009,0,0,0.238,0.038,0.123,0,0,0.038,10.355,19.678,-13.248,beta
A,,130,0.027,0,0,0.021,0.13,0.02,0.054,0,0,0,0,0.007,0,0,0.202,0.062,0.02,0,0.002,0.06,7.76,19.801,-13.199,beta
A,,131,0.638,0.009,0.003,0.515,0.784,0.254,0.75,0.169,0,0,0.02,0.68,0.002,0.402,1,0.224,0.26,0,0,0.224,5.126,19.959,-13.151,beta
A,,132,0.002,0,0,0,0.256,0,0.049,0.002,0,0,0.001,0.194,0.001,0.023,0.451,0.985,0.001,0,0.113,0.973,2.7,20.13,-13.118,beta
A,,133,0.006,0,0,0,0.54,0,0.15,0.054,0,0,0.005,0.531,0.002,0.294,0.927,0.171,0.002,0,0.004,0.168,0.214,20.295,-13.105,beta
A,,134,0,0,0,0,0,0,0,0,0,0,0,0,0,0,0,0.997,0,0,0.225,0.985,-2.727,20.443,-13.109,alpha
A,,135,0,0,0,0,0,0,0,0,0,0.176,0,0,0,0,0,0.999,0.176,0,0.572,0.997,-4.776,20.568,-13.123,alpha
A,,136,0.022,0,0,0.001,0.634,0,0.227,0.887,0.001,0.001,0.516,0.687,0.066,0.888,1,0.025,0.067,0,0,0.024,-3.978,20.671,-13.137,alpha
A,,137,0.001,0,0,0,0.396,0,0.051,0.962,0.24,0.194,0.988,0.478,0.876,0.789,1,0.4,0.898,0,0.041,0.38,-6.057,20.756,-13.144,alpha
A,,138,0,0,0,0,0,0,0,0.001,0.428,0.48,0.022,0,0.342,0,0.022,0.957,0.738,0,0.342,0.906,-8.707,20.826,-13.142,alpha
A,,139,0,0,0,0,0.022,0,0,0.562,0.609,0.496,0.944,0.066,0.936,0.15,0.967,0.876,0.976,0,0.176,0.83,-8.726,20.879,-13.121,none
A,,140,0,0,0,0,0.05,0,0.001,0.553,0.315,0.307,0.939,0.052,0.88,0.127,0.979,0.585,0.911,0,0.108,0.516,-6.475,20.911,-12.751,none
A,,141,0,0,0,0,0,0,0,0.003,0.628,0.83,0.059,0.001,0.565,0,0.061,1,0.949,0,0.639,0.998,-7.258,20.914,-12.381,none
A,,142,0,0,0,0,0,0,0,0.006,0.159,0.154,0.067,0.001,0.387,0.001,0.073,0.947,0.46,0,0.481,0.757,-4.464,20.875,-12.401,none
A,,143,0.003,0,0,0,0.203,0,0.043,0.58,0.02,0.004,0.507,0.153,0.315,0.349,0.965,0.053,0.321,0,0.018,0.036,-2.184,20.778,-12.409,beta
A,,144,0,0,0,0,0.001,0,0,0,0,0.001,0,0.001,0,0,0.002,0.998,0.001,0,0.242,0.986,0.534,20.611,-12.465,beta
A,,145,0.544,0,0,0.189,0.825,0.03,0.794,0.166,0,0,0.015,0.736,0.001,0.442,1,0.228,0.032,0,0.001,0.228,3.781,20.362,-12.552,beta
A,,146,0.019,0,0,0.002,0.188,0.002,0.049,0,0,0,0,0.102,0,0.002,0.32,0.177,0.002,0,0,0.177,5.868,20.033,-12.661,beta
A,,147,0.735,0.003,0,0.524,0.621,0.177,0.678,0.002,0,0,0.001,0.297,0,0.014,0.998,0.139,0.177,0,0,0.139,8.873,19.638,-12.785,beta
A,,148,0.062,0.002,0,0.074,0.086,0.092,0.095,0,0,0,0,0.007,0,0,0.269,0.027,0.093,0,0,0.027,10.981,19.219,-12.922,beta
A,,149,0.613,0.355,0.265,0.795,0.428,0.773,0.399,0,0,0,0,0.134,0,0.003,0.98,0.835,0.802,0,0.046,0.825,13.955,18.737,-13.062,beta
A,,150,0,0.067,0.025,0.003,0.002,0.052,0,0,0,0,0,0,0,0,0.004,0.081,0.137,0,0.004,0.077,16.372,18.747,-13.19,beta
A,,151,0,0.146,0.098,0.003,0.002,0.087,0,0,0,0,0,0,0,0,0.004,0.461,0.3,0,0.009,0.455,18.227,18.659,-13.277,alpha
A,,152,0,0.29,0.163,0,0,0.103,0,0,0,0,0,0,0,0,0,1,0.397,0,0.084,1,22.319,19.137,-13.288,alpha
A,,153,0,0,0,0,0,0,0,0,0,0,0,0,0,0,0,0.006,0,0,0,0.006,23.336,19.056,-13.194,beta
A,,154,0,0,0,0,0,0,0,0,0,0,0,0,0,0,0,0.272,0,0,0.004,0.268,26.739,19.027,-12.984,alpha
A,,155,0,0,0,0,0,0,0,0,0,0,0,0,0,0,0,0.97,0,0,0.068,0.957,30.029,18.972,-12.678,beta
A,,156,0,0,0,0,0,0,0,0,0,0,0,0,0,0,0,1,0,0,0.262,1,30.366,18.915,-12.327,alpha
A,,157,0,0,0,0,0,0,0,0,0,0,0,0,0,0,0,1,0,0,0.235,1,30.321,18.861,-12,none
A,,158,0,0,0,0,0,0,0,0,0,0,0,0,0,0,0,1,0,0,0.393,1,33.041,18.809,-11.763,none
A,,159,0,0,0,0,0,0,0,0,0,0,0,0,0,0,0,1,0,0,0.566,1,35.639,18.755,-11.659,none
A,,160,0,0,0,0,0,0,0,0,0,0,0,0,0,0,0,1,0,0,0.262,1,37.887,18.702,-11.69,alpha
A,,161,0,0,0,0,0,0,0,0,0,0,0,0,0,0,0,1,0,0,0.341,1,36.551,18.652,-11.824,alpha
A,,162,0,0,0,0,0,0,0,0,0,0,0,0,0,0,0,1,0,0,0.317,1,36.922,18.613,-12.007,alpha
A,,163,0,0,0,0,0,0,0,0,0,0,0,0,0,0,0,1,0,0,0.271,1,33.831,18.59,-12.182,none
A,,164,0,0,0,0,0,0,0,0,0,0,0,0,0,0,0,0.99,0,0,0.074,0.981,30.906,18.589,-12.315,none
A,,165,0,0,0,0,0,0,0,0,0,0,0,0,0,0,0,0.958,0,0,0.074,0.942,29.504,18.61,-12.402,beta
A,,166,0,0,0.001,0,0,0,0,0,0,0,0,0,0,0,0,0.538,0.001,0,0.006,0.532,26.271,18.657,-12.466,alpha
A,,167,0,0,0,0,0,0,0,0,0,0,0,0,0,0,0,0.996,0,0,0.111,0.995,24.149,18.728,-12.535,none
A,,168,0,0,0,0,0,0,0,0,0,0,0,0,0,0,0,0.986,0,0,0.043,0.978,23.389,18.826,-12.633,none
A,,169,0,0,0,0,0,0,0,0,0,0,0,0,0,0,0,0.951,0,0,0.034,0.917,26.382,18.949,-12.758,alpha
A,,170,0,0,0,0,0,0,0,0,0,0,0,0,0,0,0,0.994,0,0,0.16,0.986,27.253,19.093,-12.893,alpha
A,,171,0,0,0,0,0,0,0,0,0,0,0,0,0,0,0,1,0,0,0.401,1,29.174,19.25,-13.012,alpha
A,,172,0,0,0,0,0,0,0,0,0,0,0,0,0,0,0,0.948,0,0,0.069,0.937,29.949,19.41,-13.093,alpha
A,,173,0,0,0,0,0,0,0,0,0,0,0,0,0,0,0,0.991,0,0,0.145,0.954,28.185,19.566,-13.129,alpha
A,,174,0,0,0,0,0,0,0,0,0,0,0,0,0,0,0,1,0,0,0.171,0.994,25.012,19.711,-13.124,alpha
A,,175,0,0,0,0,0,0,0,0,0,0,0,0,0,0,0,0.569,0,0,0.02,0.549,25.71,19.844,-13.089,alpha
A,,176,0,0,0,0,0,0,0,0,0,0,0,0,0,0,0,0,0,0,0,0,24,19.961,-13.035,beta
A,,177,0,0,0.004,0,0,0,0,0,0,0,0,0,0,0,0,0.985,0.004,0,0.031,0.973,24.194,20.045,-12.968,alpha
A,,178,0,0.479,0.557,0.001,0,0.245,0,0,0,0,0,0,0,0,0.001,0.997,0.773,0,0.128,0.997,20.938,20.158,-12.888,alpha
A,,179,0,0.214,0.11,0.001,0,0.161,0,0,0,0,0,0,0,0,0.001,0.569,0.429,0,0.058,0.532,18.977,19.848,-12.787,beta
A,,180,0.365,0.264,0.126,0.744,0.249,0.789,0.171,0,0,0,0,0.005,0,0,0.897,0.703,0.822,0,0.061,0.677,15.585,19.514,-12.657,beta
A,,181,0.087,0.015,0.002,0.177,0.118,0.221,0.052,0,0,0,0,0.002,0,0,0.416,0.073,0.233,0,0,0.073,13.263,19.895,-12.488,beta
A,,182,0.293,0.005,0,0.229,0.359,0.123,0.329,0,0,0,0,0.036,0,0.003,0.829,0.071,0.124,0,0.001,0.07,10.335,20.203,-12.27,beta
A,,183,0.179,0,0,0.063,0.232,0.009,0.234,0,0,0,0,0.035,0,0.002,0.608,0.155,0.009,0,0.001,0.154,7.965,20.513,-12.005,beta
A,,184,0.577,0,0,0.257,0.632,0.021,0.646,0.186,0,0,0.019,0.501,0.002,0.405,0.998,0.049,0.024,0,0.001,0.047,5.094,20.774,-11.698,beta
A,,185,0.004,0,0,0,0.038,0,0.006,0.002,0,0,0,0.039,0,0.011,0.099,0.596,0,0,0.012,0.587,2.696,20.96,-11.362,beta
A,,186,0.208,0,0,0.1,0.613,0.022,0.376,0.89,0.039,0.013,0.863,0.517,0.609,0.741,1,0.087,0.624,0,0.004,0.084,-0.37,21.066,-11.016,beta
A,,187,0,0,0,0,0.006,0,0,0.009,0.016,0.058,0.043,0.009,0.223,0.003,0.069,1,0.279,0,0.607,0.997,-2.853,21.102,-10.68,beta
A,,188,0.002,0,0,0,0.126,0,0.014,0.657,0.724,0.579,0.964,0.089,0.989,0.205,0.98,0.923,0.995,0,0.48,0.809,-6.06,21.09,-10.325,beta
A,,189,0,0,0,0,0.001,0,0,0.005,0.833,0.894,0.085,0.003,0.661,0.002,0.09,1,0.989,0,0.708,1,-7.618,21.054,-10.221,none
A,,190,0,0,0,0,0,0,0,0.006,0.491,0.369,0.102,0.003,0.658,0.001,0.107,0.872,0.872,0,0.291,0.767,-5.524,21.012,-9.971,none
A,,191,0.054,0,0,0.006,0.582,0,0.221,0.89,0.096,0.052,0.949,0.423,0.774,0.678,1,0.331,0.785,0,0.059,0.28,-2.33,20.967,-10.206,beta
A,,192,0,0,0,0,0.012,0,0,0.023,0.001,0.001,0.056,0.015,0.12,0.004,0.107,0.081,0.121,0,0.011,0.07,0.027,20.906,-10.42,beta
A,,193,0.277,0,0,0.157,0.557,0.06,0.398,0.416,0.001,0.001,0.223,0.49,0.107,0.532,0.998,0.052,0.164,0,0,0.052,2.911,20.809,-10.686,beta
A,,194,0.089,0,0,0.08,0.292,0.032,0.139,0.004,0,0,0,0.193,0,0.024,0.706,0.018,0.032,0,0,0.018,5.659,20.655,-10.982,beta
A,,195,0.404,0.001,0.001,0.487,0.371,0.268,0.268,0.001,0,0,0,0.203,0,0.013,0.947,0.059,0.268,0,0,0.059,8.569,20.446,-11.294,beta
A,,196,0.284,0.001,0.001,0.261,0.112,0.166,0.182,0,0,0,0,0.028,0,0,0.67,0.042,0.168,0,0.002,0.04,11.316,20.231,-11.606,beta
A,,197,0.64,0.08,0.077,0.768,0.348,0.608,0.495,0,0,0,0,0.057,0,0.003,0.971,0.492,0.635,0,0.051,0.46,14.133,19.912,-11.902,beta
A,,198,0.001,0.034,0.03,0.019,0.013,0.107,0.001,0,0,0,0,0,0,0,0.034,0.194,0.165,0,0.036,0.158,16.494,20.495,-12.169,beta
A,,199,0.029,0.469,0.152,0.279,0.052,0.705,0.015,0,0,0,0,0,0,0,0.352,0.799,0.829,0,0.092,0.78,19.72,21.038,-12.396,beta
A,,200,0,0.053,0.02,0,0,0.012,0,0,0,0,0,0,0,0,0,0.231,0.086,0,0.025,0.207,21.585,21.107,-12.579,beta
A,,201,0,0.634,0.271,0.001,0,0.289,0,0,0,0,0,0,0,0,0.001,1,0.717,0,0.186,1,24.773,21.257,-12.717,beta
A,,202,0,0,0.002,0,0,0,0,0,0,0,0,0,0,0,0,0.949,0.002,0,0.059,0.934,27.858,20.953,-12.807,alpha
A,,203,0,0,0.001,0,0,0,0,0,0,0,0,0,0,0,0,0.999,0.001,0,0.12,0.997,29.683,20.711,-12.852,alpha
A,,204,0,0,0,0,0,0,0,0,0,0,0,0,0,0,0,1,0,0,0.348,1,33.457,20.497,-12.85,alpha
A,,205,0,0,0,0,0,0,0,0,0,0,0,0,0,0,0,0.996,0,0,0.083,0.992,33.99,20.349,-12.801,alpha
A,,206,0,0,0,0,0,0,0,0,0,0,0,0,0,0,0,0.749,0,0,0.015,0.735,32.219,20.274,-12.706,alpha
A,,207,0,0,0,0,0,0,0,0,0,0,0,0,0,0,0,1,0,0,0.184,1,33.656,20.27,-12.569,none
A,,208,0,0,0,0,0,0,0,0,0,0,0,0,0,0,0,1,0,0,0.22,1,37.925,20.325,-12.404,none
A,,209,0,0,0,0,0,0,0,0,0,0,0,0,0,0,0,1,0,0,0.157,1,39.464,20.426,-12.234,none
A,,210,0,0,0,0,0,0,0,0,0,0,0,0,0,0,0,1,0,0,0.167,1,38.93,20.561,-12.086,none
A,,211,0,0,0,0,0,0,0,0,0,0,0,0,0,0,0,1,0,0,0.274,1,35.138,20.721,-11.988,none
A,,212,0,0,0,0,0,0,0,0,0,0,0,0,0,0,0,0.972,0,0,0.067,0.961,34.155,20.896,-11.954,beta
A,,213,0,0,0,0,0,0,0,0,0,0,0,0,0,0,0,0.951,0,0,0.028,0.934,31.744,21.077,-11.985,none
A,,214,0,0,0,0,0,0,0,0,0,0,0,0,0,0,0,1,0,0,0.148,1,33.117,21.256,-12.058,alpha
A,,215,0,0,0.004,0,0,0,0,0,0,0,0,0,0,0,0,1,0.004,0,0.141,1,31.516,21.428,-12.139,alpha
A,,216,0,0.017,0.099,0,0,0,0,0,0,0,0,0,0,0,0,1,0.105,0,0.306,1,29.809,21.58,-12.192,none
A,,217,0,0.724,0.284,0.001,0,0.287,0,0,0,0,0,0,0,0,0.001,0.999,0.795,0,0.174,0.999,26.036,21.745,-12.189,beta
A,,218,0,0,0,0,0,0,0,0,0,0,0,0,0,0,0,0.088,0,0,0.005,0.083,23.856,21.672,-12.117,beta
A,,219,0,0.232,0.377,0.001,0,0.205,0,0,0,0,0,0,0,0,0.001,0.926,0.584,0,0.122,0.92,21.128,21.637,-11.975,beta
A,,220,0,0.051,0.069,0,0,0.006,0,0,0,0,0,0,0,0,0,0.289,0.108,0,0.049,0.267,18.355,21.378,-11.772,beta
A,,221,0.411,0.696,0.541,0.736,0.205,0.914,0.229,0,0,0,0,0.074,0,0.004,0.815,0.933,0.966,0,0.125,0.924,15.96,21.116,-11.523,beta
A,,222,0.038,0.285,0.026,0.272,0.02,0.572,0.013,0,0,0,0,0.002,0,0,0.325,0.108,0.722,0,0.003,0.105,13.208,21.119,-11.243,beta
A,,223,0.228,0.243,0.023,0.5,0.319,0.685,0.232,0,0,0,0,0.212,0,0.016,0.883,0.124,0.719,0,0.003,0.122,10.337,21.118,-10.954,beta
A,,224,0.079,0,0,0.057,0.147,0.038,0.089,0,0,0,0,0.102,0,0.007,0.428,0.017,0.038,0,0,0.017,7.871,21.158,-10.68,beta
A,,225,0.412,0,0,0.132,0.682,0.037,0.572,0.118,0,0,0.014,0.603,0,0.436,0.999,0.034,0.038,0,0,0.033,4.767,21.231,-10.445,beta
A,,226,0.001,0,0,0,0.189,0,0.005,0.008,0,0,0.001,0.091,0,0.021,0.31,0.905,0,0,0.065,0.881,2.109,21.33,-10.271,beta
A,,227,0.021,0,0,0.004,0.471,0,0.093,0.843,0.273,0.14,0.966,0.283,0.859,0.475,0.999,0.381,0.881,0,0.03,0.357,-1.016,21.445,-10.173,beta
A,,228,0,0,0,0,0,0,0,0.004,0.005,0.083,0.028,0.002,0.071,0.001,0.032,1,0.151,0,0.428,0.995,-3.641,21.56,-10.163,beta
A,,229,0,0,0,0,0,0,0,0.01,0.499,0.404,0.113,0.003,0.469,0.001,0.115,0.941,0.803,0,0.232,0.903,-6.783,21.661,-10.151,beta
A,,230,0,0,0,0,0,0,0,0.007,0.842,0.683,0.133,0.001,0.685,0.001,0.135,1,0.961,0,0.35,0.999,-8.902,21.732,-10.619,none
A,,231,0,0,0,0,0,0,0,0.006,0.606,0.472,0.111,0.001,0.626,0.001,0.115,0.996,0.883,0,0.251,0.989,-6.87,21.756,-10.724,none
A,,232,0,0,0,0,0.211,0,0.011,0.594,0.113,0.053,0.9,0.168,0.728,0.233,0.975,0.58,0.746,0,0.069,0.524,-3.928,21.718,-10.583,beta
A,,233,0,0,0,0,0.035,0,0,0.038,0.001,0,0.029,0.033,0.03,0.023,0.152,0.978,0.031,0,0.141,0.959,-0.799,21.6,-10.462,beta
A,,234,0.089,0,0,0.005,0.798,0,0.475,0.692,0.001,0,0.283,0.553,0.048,0.695,1,0.037,0.048,0,0,0.037,2.194,21.39,-10.342,beta
A,,235,0.025,0,0,0.001,0.469,0,0.165,0.006,0,0,0,0.203,0,0.051,0.737,0.023,0,0,0,0.023,4.632,21.09,-10.253,beta
A,,236,0.097,0,0,0.017,0.529,0.01,0.365,0.002,0,0,0,0.233,0,0.043,0.91,0.027,0.01,0,0,0.027,7.961,20.724,-10.216,beta
A,,237,0.022,0,0,0.013,0.042,0.015,0.017,0,0,0,0,0.017,0,0,0.107,0.011,0.015,0,0,0.011,10.23,20.366,-10.239,beta
A,,238,0.652,0.508,0.302,0.807,0.371,0.848,0.46,0.002,0,0,0,0.355,0,0.053,0.986,0.739,0.933,0,0.056,0.717,13.557,19.896,-10.319,beta
A,,239,0.001,0.327,0.074,0.007,0.002,0.269,0,0,0,0,0,0,0,0,0.011,0.245,0.587,0,0.028,0.219,16.005,20.572,-10.436,beta
A,,240,0.014,0.822,0.537,0.077,0.01,0.521,0.005,0,0,0,0,0.004,0,0,0.094,0.947,0.948,0,0.185,0.937,19.134,21.123,-10.557,beta
A,,241,0,0.056,0.067,0,0,0,0,0,0,0,0,0,0,0,0,0.365,0.121,0,0.031,0.338,21.324,21.97,-10.647,beta
A,,242,0,0.212,0.359,0.001,0,0.028,0,0,0,0,0,0,0,0,0.001,1,0.447,0,0.249,1,24.298,22.898,-10.674,beta
A,,243,0,0,0.004,0,0,0,0,0,0,0,0,0,0,0,0,0.882,0.004,0,0.052,0.872,26.327,22.611,-10.62,none
A,,244,0,0,0,0,0,0,0,0,0,0,0,0,0,0,0,0,0,0,0,0,23.672,22.44,-10.493,alpha
A,,245,0,0,0,0,0,0,0,0,0,0,0,0,0,0,0,0.78,0,0,0,0.78,23.662,22.245,-10.319,none
A,,246,0,0,0,0,0,0,0,0,0,0,0,0,0,0,0,0.999,0,0,0.228,0.997,25.94,22.092,-10.142,beta
A,,247,0,0,0,0,0,0,0,0,0,0,0,0,0,0,0,0.916,0,0,0,0.916,27.898,21.993,-10.005,alpha
A,,248,0,0,0,0,0,0,0,0,0,0,0,0,0,0,0,0.968,0,0,0.107,0.944,27.62,21.934,-9.939,none
A,,249,0,0,0,0,0,0,0,0,0,0,0,0,0,0,0,1,0,0,0.347,0.999,30.24,21.893,-9.957,none
A,,250,0,0,0,0,0,0,0,0,0,0,0,0,0,0,0,0.998,0,0,0.138,0.996,33.084,21.849,-10.045,none
A,,251,0,0,0,0,0,0,0,0,0,0,0,0,0,0,0,0.023,0,0,0,0.022,31.553,21.793,-10.175,beta
A,,252,0,0,0,0,0,0,0,0,0,0,0,0,0,0,0,0.603,0,0,0.012,0.591,28.951,21.725,-10.307,beta
A,,253,0,0,0,0,0,0,0,0,0,0,0,0,0,0,0,0.004,0,0,0,0.004,28.336,21.651,-10.404,alpha
A,,254,0,0,0.001,0,0,0,0,0,0,0,0,0,0,0,0,1,0.001,0,0.139,1,29.157,21.577,-10.441,none
A,,255,0,0.31,0.115,0,0,0.034,0,0,0,0,0,0,0,0,0,1,0.355,0,0.334,0.999,26.074,21.501,-10.413,beta
A,,256,0,0.002,0.002,0,0,0,0,0,0,0,0,0,0,0,0,0.152,0.003,0,0.032,0.121,23.734,21.466,-10.333,beta
A,,257,0.001,0.466,0.329,0.009,0,0.133,0,0,0,0,0,0,0,0,0.009,0.954,0.643,0,0.194,0.939,20.736,21.443,-10.229,beta
A,,258,0,0.053,0.042,0,0,0.003,0,0,0,0,0,0,0,0,0,0.246,0.093,0,0.029,0.222,18.359,21.264,-10.137,beta
A,,259,0.601,0.228,0.19,0.74,0.439,0.666,0.514,0.002,0,0,0,0.276,0,0.027,0.992,0.75,0.751,0,0.054,0.739,14.832,21.064,-10.093,beta
A,,260,0.001,0,0,0.002,0.003,0.006,0.001,0,0,0,0,0,0,0,0.006,0.002,0.006,0,0,0.002,12.169,21.281,-10.12,beta
A,,261,0.137,0,0,0.015,0.496,0.007,0.398,0.002,0,0,0,0.16,0,0.022,0.908,0.018,0.007,0,0,0.018,9.305,21.445,-10.231,beta
A,,262,0.182,0,0,0.019,0.456,0.001,0.415,0.004,0,0,0,0.136,0,0.021,0.886,0.011,0.001,0,0,0.011,6.378,21.59,-10.42,beta
A,,263,0.195,0,0,0.022,0.604,0.001,0.49,0.21,0,0,0.056,0.442,0.019,0.35,0.993,0.016,0.02,0,0,0.016,3.765,21.686,-10.666,beta
A,,264,0.001,0,0,0,0.247,0,0.013,0.148,0,0,0.056,0.321,0.024,0.185,0.769,0.253,0.024,0,0.022,0.235,1.225,21.726,-10.936,beta
A,,265,0.001,0,0,0,0.38,0,0.04,0.89,0.246,0.174,0.958,0.48,0.837,0.649,1,0.479,0.855,0,0.059,0.437,-2.177,21.718,-11.192,beta
A,,266,0,0,0,0,0,0,0,0,0.024,0.041,0.001,0,0.031,0,0.001,1,0.085,0,0.247,0.999,-5.173,21.682,-11.395,alpha
A,,267,0,0,0,0,0.142,0,0.006,0.868,0.221,0.227,0.93,0.275,0.753,0.625,0.999,0.759,0.815,0,0.085,0.729,-7.256,21.643,-11.504,alpha
A,,268,0,0,0,0,0,0,0,0.001,0.526,0.789,0.017,0.001,0.311,0,0.018,1,0.899,0,0.328,1,-10.34,21.622,-11.637,none
A,,269,0,0,0,0,0.026,0,0,0.778,0.885,0.738,0.989,0.089,0.994,0.268,0.995,0.981,0.998,0,0.166,0.971,-10.211,21.627,-11.001,none
A,,270,0,0,0,0,0,0,0,0.007,0.544,0.151,0.336,0.002,0.927,0,0.337,0.707,0.952,0,0.05,0.671,-7.138,21.657,-10.525,none
A,,271,0.001,0,0,0,0.265,0,0.03,0.62,0.002,0,0.833,0.36,0.444,0.608,0.995,0.021,0.445,0,0,0.021,-3.982,21.696,-10.705,beta
A,,272,0,0,0,0,0.004,0,0,0.001,0,0,0,0.004,0.002,0.002,0.011,0.992,0.002,0,0.174,0.979,-1.863,21.727,-10.802,beta
A,,273,0.03,0,0,0,0.61,0,0.253,0.335,0,0,0.027,0.84,0.003,0.784,1,0.015,0.003,0,0,0.015,0.945,21.735,-10.877,beta
A,,274,0.001,0,0,0,0.132,0,0.026,0.013,0,0,0.004,0.203,0,0.043,0.363,0.008,0,0,0,0.008,3.761,21.712,-10.882,beta
A,,275,0.729,0,0,0.291,0.698,0.029,0.789,0.097,0,0,0.019,0.732,0,0.396,1,0.019,0.029,0,0,0.019,6.658,21.667,-10.809,beta
A,,276,0.312,0,0,0.089,0.21,0.022,0.326,0.001,0,0,0,0.07,0,0.009,0.775,0.007,0.022,0,0,0.007,9.026,21.634,-10.668,beta
A,,277,0.783,0.227,0.127,0.87,0.599,0.793,0.731,0.007,0,0,0,0.28,0,0.046,1,0.717,0.818,0,0.04,0.699,12.555,21.543,-10.486,beta
A,,278,0,0.038,0.032,0.001,0.001,0.04,0,0,0,0,0,0,0,0,0.001,0.295,0.11,0,0.022,0.273,15.013,22.034,-10.294,beta
A,,279,0.002,0.419,0.193,0.042,0.004,0.355,0.002,0,0,0,0,0,0,0,0.049,0.863,0.658,0,0.078,0.847,18.597,22.541,-10.12,beta
A,,280,0,0.001,0.003,0,0,0,0,0,0,0,0,0,0,0,0,0.917,0.005,0,0.006,0.917,21.024,22.257,-9.984,beta
A,,281,0,0.521,0.153,0.001,0,0.158,0,0,0,0,0,0,0,0,0.001,0.998,0.582,0,0.236,0.997,24.01,22.054,-9.89,beta
A,,282,0,0,0.001,0,0,0,0,0,0,0,0,0,0,0,0,0.124,0.001,0,0.015,0.112,26.496,21.7,-9.831,beta
A,,283,0,0.227,0.086,0,0,0.01,0,0,0,0,0,0,0,0,0,1,0.269,0,0.36,1,28.689,21.335,-9.795,beta
A,,284,0,0,0.003,0,0,0,0,0,0,0,0,0,0,0,0,1,0.003,0,0.28,1,32.656,21.252,-9.764,none
A,,285,0,0,0,0,0,0,0,0,0,0,0,0,0,0,0,0.645,0,0,0.024,0.629,32.861,21.18,-9.727,alpha
A,,286,0,0,0,0,0,0,0,0,0,0,0,0,0,0,0,1,0,0,0.144,0.999,36.723,21.173,-9.681,none
A,,287,0,0,0,0,0,0,0,0,0,0,0,0,0,0,0,1,0,0,0.448,1,39.1,21.222,-9.629,none
A,,288,0,0,0,0,0,0,0,0,0,0,0,0,0,0,0,0.999,0,0,0.263,0.999,38.48,21.317,-9.581,none
A,,289,0,0,0,0,0,0,0,0,0,0,0,0,0,0,0,0.984,0,0,0.268,0.955,35.433,21.441,-9.553,alpha
A,,290,0,0,0,0,0,0,0,0,0,0,0,0,0,0,0,1,0,0,0.53,1,34.097,21.579,-9.556,alpha
A,,291,0,0.002,0.022,0,0,0,0,0,0,0,0,0,0,0,0,1,0.024,0,0.473,1,30.76,21.722,-9.601,none
A,,292,0,0.007,0.037,0,0,0,0,0,0,0,0,0,0,0,0,0.999,0.042,0,0.572,0.995,29.607,21.861,-9.693,alpha
A,,293,0,0.021,0.096,0,0,0,0,0,0,0,0,0,0,0,0,0.985,0.109,0,0.384,0.964,26.845,21.991,-9.835,beta
A,,294,0,0,0,0,0,0,0,0,0,0,0,0,0,0,0,0.922,0,0,0.051,0.916,25.271,22.11,-10.019,beta
A,,295,0,0,0,0,0,0,0,0,0,0,0,0,0,0,0,0.974,0,0,0.001,0.973,21.829,22.207,-10.229,beta
A,,296,0,0.607,0.228,0.001,0.001,0.252,0,0,0,0,0,0,0,0,0.001,0.987,0.698,0,0.139,0.984,19.732,22.315,-10.442,beta
A,,297,0,0.046,0.038,0,0,0.052,0,0,0,0,0,0,0,0,0,0.746,0.135,0,0.026,0.735,17.194,22.192,-10.628,beta
A,,298,0.56,0.077,0.056,0.791,0.15,0.562,0.204,0,0,0,0,0.029,0,0.001,0.955,0.502,0.589,0,0.029,0.481,13.874,22.092,-10.753,beta
A,,299,0.007,0,0,0.004,0.009,0.004,0.005,0,0,0,0,0.001,0,0,0.025,0.001,0.004,0,0,0.001,11.578,21.99,-10.794,beta
A,,300,0.716,0,0,0.5,0.452,0.059,0.546,0.003,0,0,0,0.484,0,0.051,0.996,0.023,0.059,0,0,0.023,8.441,21.894,-10.738,beta
A,,301,0.022,0,0,0,0.35,0,0.127,0.004,0,0,0,0.47,0,0.065,0.823,0.009,0,0,0,0.009,6.035,21.801,-10.595,beta
A,,302,0.004,0,0,0,0.332,0,0.063,0.02,0,0,0.001,0.419,0,0.128,0.838,0.01,0,0,0,0.01,2.751,21.699,-10.394,beta
A,,303,0,0,0,0,0.004,0,0,0.001,0,0,0,0.005,0,0.001,0.012,0.57,0,0,0.061,0.509,0.728,21.575,-10.175,beta
A,,304,0.1,0,0,0.003,0.627,0,0.368,0.929,0.01,0.003,0.941,0.655,0.592,0.853,1,0.08,0.595,0,0,0.08,-2.217,21.424,-9.977,beta
A,,305,0,0,0,0,0,0,0,0,0.243,0.123,0.092,0,0.566,0,0.092,0.999,0.683,0,0.239,0.998,-4.793,21.249,-9.833,beta
A,,306,0.001,0,0,0,0.122,0,0.008,0.75,0.616,0.235,0.937,0.043,0.963,0.316,0.991,0.756,0.979,0,0.059,0.732,-6.198,21.064,-9.684,none
A,,307,0,0,0,0,0,0,0,0,0.514,0.35,0,0,0.101,0,0,1,0.662,0,0.183,0.999,-8.077,20.888,-9.928,none
A,,308,0,0,0,0,0,0,0,0,0.018,0.036,0,0,0.001,0,0,1,0.052,0,0.406,1,-6.324,20.739,-9.951,none
A,,309,0,0,0,0,0,0,0,0,0,0,0,0,0,0,0,0.922,0,0,0.085,0.914,-5.396,20.63,-9.985,none
A,,310,0,0,0,0,0.004,0,0,0,0,0,0,0.003,0,0,0.007,0.008,0,0,0,0.008,-3.348,20.556,-9.992,beta
A,,311,0,0,0,0,0,0,0,0,0,0,0,0,0,0,0,0.811,0,0,0.087,0.727,-1.383,20.501,-9.99,beta
A,,312,0.008,0,0,0,0.279,0,0.075,0.191,0,0,0.034,0.446,0.004,0.449,0.911,0.095,0.004,0,0,0.095,1.205,20.434,-9.996,beta
A,,313,0,0,0,0,0.055,0,0.004,0,0,0,0,0.088,0,0.001,0.147,0.919,0,0,0.1,0.913,3.569,20.324,-10.035,beta
A,,314,0.356,0,0,0.107,0.481,0.006,0.426,0.02,0,0,0,0.581,0,0.222,0.987,0.065,0.006,0,0,0.065,6.286,20.157,-10.122,beta
A,,315,0.002,0,0,0,0.01,0,0.004,0,0,0,0,0.007,0,0,0.021,0.001,0,0,0,0.001,8.912,19.958,-10.264,beta
A,,316,0.812,0.145,0.064,0.88,0.631,0.72,0.728,0.014,0,0,0,0.631,0,0.175,1,0.579,0.745,0,0.029,0.561,11.415,19.677,-10.453,beta
A,,317,0,0.041,0.017,0.004,0.002,0.107,0,0,0,0,0,0,0,0,0.006,0.311,0.164,0,0.011,0.301,14.557,20.011,-10.664,beta
A,,318,0.273,0.292,0.145,0.73,0.067,0.728,0.062,0,0,0,0,0.005,0,0,0.833,0.745,0.793,0,0.043,0.731,16.632,20.145,-10.867,beta
A,,319,0,0.217,0.117,0.002,0.001,0.089,0,0,0,0,0,0,0,0,0.003,0.91,0.352,0,0.128,0.847,19.638,21.815,-11.034,beta
A,,320,0.022,0.546,0.44,0.259,0.012,0.651,0.005,0,0,0,0,0,0,0,0.282,0.998,0.86,0,0.213,0.996,21.155,22.362,-11.145,alpha
A,,321,0,0.019,0.159,0,0,0,0,0,0,0,0,0,0,0,0,0.985,0.171,0,0.263,0.965,24.525,22.358,-11.194,alpha
A,,322,0,0.045,0.371,0,0,0.002,0,0,0,0,0,0,0,0,0,1,0.381,0,0.623,1,27.736,22.381,-11.186,alpha
A,,323,0,0,0.056,0,0,0,0,0,0,0,0,0,0,0,0,1,0.056,0,0.505,1,30.366,22.372,-11.135,alpha
A,,324,0,0,0.006,0,0,0,0,0,0,0,0,0,0,0,0,1,0.006,0,0.484,1,33.364,22.372,-11.06,alpha
A,,325,0,0,0,0,0,0,0,0,0,0,0,0,0,0,0,1,0,0,0.327,1,35.982,22.398,-10.979,alpha
A,,326,0,0,0,0,0,0,0,0,0,0,0,0,0,0,0,0.975,0,0,0.298,0.963,33.924,22.453,-10.908,alpha
A,,327,0,0,0,0,0,0,0,0,0,0,0,0,0,0,0,0.458,0,0,0.164,0.327,30.841,22.53,-10.856,alpha
A,,328,0,0,0,0,0,0,0,0,0,0,0,0,0,0,0,1,0,0,0.317,1,32.719,22.617,-10.823,alpha
A,,329,0,0,0,0,0,0,0,0,0,0,0,0,0,0,0,1,0,0,0.465,1,34.274,22.706,-10.802,alpha
A,,330,0,0,0,0,0,0,0,0,0,0,0,0,0,0,0,0.587,0,0,0.049,0.553,31.572,22.798,-10.784,alpha
A,,331,0,0,0,0,0,0,0,0,0,0,0,0,0,0,0,1,0,0,0.296,1,28.966,22.898,-10.76,none
A,,332,0,0,0,0,0,0,0,0,0,0,0,0,0,0,0,1,0,0,0.132,1,26.69,23.007,-10.72,alpha
A,,333,0,0,0,0,0,0,0,0,0,0,0,0,0,0,0,1,0,0,0.043,0.999,24.745,23.115,-10.657,alpha
A,,334,0,0.004,0.057,0,0,0,0,0,0,0,0,0,0,0,0,0.999,0.058,0,0.228,0.998,25.636,23.172,-10.565,alpha
A,,335,0,0.098,0.335,0,0,0,0,0,0,0,0,0,0,0,0,1,0.374,0,0.367,1,23.142,23.313,-10.443,none
A,,336,0.001,0.675,0.529,0.036,0.007,0.456,0.001,0,0,0,0,0,0,0,0.044,0.996,0.863,0,0.216,0.994,19.344,22.424,-10.299,alpha
A,,337,0,0.13,0.048,0.003,0.002,0.174,0,0,0,0,0,0,0,0,0.005,0.386,0.321,0,0.022,0.368,16.865,21.675,-10.149,beta
A,,338,0.285,0.235,0.076,0.53,0.119,0.575,0.103,0,0,0,0,0.155,0,0.002,0.844,0.712,0.641,0,0.04,0.691,13.403,20.847,-10.017,beta
A,,339,0.001,0,0,0.003,0.009,0.022,0.001,0,0,0,0,0.007,0,0,0.021,0.004,0.022,0,0,0.004,11.324,20.671,-9.925,beta
A,,340,0.438,0,0.001,0.265,0.364,0.052,0.394,0.027,0,0,0.001,0.644,0,0.218,0.992,0.087,0.053,0,0,0.087,8.848,20.457,-9.886,beta
A,,341,0,0,0,0,0.075,0,0.007,0,0,0,0,0.142,0,0.002,0.226,0.053,0,0,0,0.053,6.215,20.294,-9.901,beta
A,,342,0.002,0,0,0,0.134,0,0.036,0.006,0,0,0,0.227,0,0.053,0.424,0.048,0,0,0,0.048,3.823,20.156,-9.959,beta
A,,343,0,0,0,0,0,0,0,0,0,0,0,0,0,0,0,0.428,0,0,0.005,0.422,2.223,20.037,-10.042,beta
A,,344,0,0,0,0,0,0,0,0,0,0,0,0,0,0,0,0,0,0,0,0,-0.33,19.939,-10.133,beta
A,,345,0,0,0,0,0,0,0,0,0,0,0,0,0,0,0,0.999,0,0,0.178,0.997,-1.114,19.866,-10.223,alpha
A,,346,0,0,0,0,0,0,0,0,0,0,0,0,0,0,0,0.989,0,0,0.103,0.982,-3.136,19.823,-10.305,alpha
B,,1,0,0,0,0,0,0,0,0,0,0,0,0,0,0,0,0.975,0,0,0.084,0.963,-6.258,19.813,-10.382,alpha
B,,2,0,0,0,0,0,0,0,0,0,0,0,0,0,0,0,1,0,0,0.164,0.998,-7.043,19.834,-10.453,beta
B,,3,0,0,0,0,0,0,0,0,0,0,0,0,0,0,0,0.13,0,0,0.007,0.127,-7.645,19.876,-10.52,beta
B,,4,0,0,0,0,0,0,0,0,0,0,0,0,0,0,0,1,0,0,0.189,1,-9.629,19.928,-10.581,beta
B,,5,0,0,0,0,0,0,0,0,0,0,0,0,0,0,0,1,0,0,0.218,0.999,-11.997,19.974,-10.634,beta
B,,6,0,0,0,0,0,0,0,0,0,0,0,0,0,0,0,1,0,0,0.431,1,-13.872,19.998,-10.678,beta
B,,7,0,0,0,0,0,0,0,0,0,0.009,0,0,0,0,0,1,0.009,0,0.495,1,-14.682,19.987,-10.708,none
B,,8,0,0,0,0,0,0,0,0,0,0.01,0,0,0,0,0,0.999,0.01,0,0.303,0.997,-12.188,19.937,-10.721,none
B,,9,0,0,0,0,0,0,0,0,0,0,0,0,0,0,0,0.974,0,0,0.181,0.961,-9.265,19.845,-10.714,beta
B,,10,0,0,0,0,0,0,0,0,0,0,0,0,0,0,0,1,0,0,0.22,1,-8.11,19.719,-10.686,beta
B,,11,0,0,0,0,0,0,0,0,0,0,0,0,0,0,0,0.025,0,0,0.003,0.022,-5.323,19.57,-10.641,beta
B,,12,0,0,0,0,0,0,0,0,0,0,0,0,0,0,0,0.975,0,0,0.053,0.958,-3.996,19.411,-10.589,beta
B,,13,0,0,0,0,0,0,0,0,0,0,0,0,0,0,0,0.001,0,0,0,0.001,-1.848,19.253,-10.543,beta
B,,14,0,0,0,0,0,0,0,0,0,0,0,0,0,0,0,1,0,0,0.183,1,0.056,19.102,-10.513,beta
B,,15,0,0,0,0,0,0,0,0,0,0,0,0,0,0,0,0.036,0,0,0.002,0.035,2.791,18.952,-10.511,beta
B,,16,0,0,0,0,0,0,0,0,0,0,0,0,0,0,0,0.998,0,0,0.158,0.996,3.942,18.79,-10.536,beta
B,,17,0,0,0,0,0,0,0,0,0,0,0,0,0,0,0,0,0,0,0,0,5.972,18.602,-10.583,beta
B,,18,0,0,0,0,0,0,0,0,0,0,0,0,0,0,0,0.455,0,0,0.015,0.444,7.766,18.388,-10.638,beta
B,,19,0,0,0,0,0,0,0,0,0,0,0,0,0,0,0,0,0,0,0,0,9.313,18.166,-10.685,beta
B,,20,0,0,0,0,0,0,0,0,0,0,0,0,0,0,0,0.383,0,0,0.001,0.381,12.382,18.008,-10.706,beta
B,,21,0.03,0.106,0.042,0.096,0.085,0.22,0.025,0,0,0,0,0.011,0,0,0.229,0.4,0.272,0,0.004,0.398,15.145,17.741,-10.691,beta
B,,22,0,0.004,0.001,0,0,0.007,0,0,0,0,0,0,0,0,0,0.76,0.008,0,0.02,0.748,17.937,18.885,-10.64,beta
B,,23,0.58,0.456,0.345,0.797,0.265,0.755,0.322,0,0,0,0,0.165,0,0.002,0.975,0.969,0.842,0,0.093,0.959,19.974,19.924,-10.562,beta
B,,24,0,0.285,0.332,0.001,0.001,0.114,0,0,0,0,0,0,0,0,0.001,0.858,0.493,0,0.104,0.82,22.828,20.765,-10.478,beta
B,,25,0,0.17,0.602,0,0,0.004,0,0,0,0,0,0,0,0,0,1,0.634,0,0.297,1,27.181,21.064,-10.413,none
B,,26,0,0,0,0,0,0,0,0,0,0,0,0,0,0,0,1,0,0,0.161,0.999,28.218,20.623,-10.388,alpha
B,,27,0,0.015,0.018,0,0,0,0,0,0,0,0,0,0,0,0,1,0.032,0,0.135,1,27.485,20.247,-10.414,none
B,,28,0,0,0,0,0,0,0,0,0,0,0,0,0,0,0,1,0,0,0.35,1,27.655,19.863,-10.488,none
B,,29,0,0,0,0,0,0,0,0,0,0,0,0,0,0,0,0.999,0,0,0.079,0.997,24.16,19.528,-10.592,none
B,,30,0,0.024,0.153,0,0,0,0,0,0,0,0,0,0,0,0,0.922,0.169,0,0.059,0.912,22.939,19.269,-10.701,alpha
B,,31,0,0.003,0.001,0,0,0,0,0,0,0,0,0,0,0,0,0.261,0.005,0,0,0.261,20.311,19.097,-10.788,beta
B,,32,0,0.002,0.001,0,0,0,0,0,0,0,0,0,0,0,0,0.207,0.003,0,0,0.207,17.795,19.011,-10.838,beta
B,,33,0,0,0,0,0,0,0,0,0,0,0,0,0,0,0,0.919,0,0,0.035,0.9,16.33,18.999,-10.846,alpha
B,,34,0,0,0,0,0,0,0,0,0,0,0,0,0,0,0,0,0,0,0,0,13.359,19.044,-10.826,alpha
B,,35,0,0,0,0,0,0,0,0,0,0,0,0,0,0,0,0.999,0,0,0.05,0.998,12.071,19.127,-10.802,beta
B,,36,0,0,0,0,0,0,0,0,0,0,0,0,0,0,0,0.001,0,0,0,0.001,9.013,19.229,-10.801,beta
B,,37,0,0,0,0,0,0,0,0,0,0,0,0,0,0,0,0.999,0,0,0.135,0.997,7.794,19.336,-10.845,beta
B,,38,0,0,0,0,0,0,0,0,0,0,0,0,0,0,0,0.029,0,0,0.001,0.028,5.414,19.438,-10.941,beta
B,,39,0,0,0,0,0,0,0,0,0,0,0,0,0,0,0,0.064,0,0,0.003,0.061,3.789,19.53,-11.082,beta
B,,40,0,0,0,0,0,0,0,0,0,0,0,0,0,0,0,0.005,0,0,0.001,0.005,1.417,19.608,-11.246,beta
B,,41,0,0,0,0,0,0,0,0,0,0,0,0,0,0,0,1,0,0,0.18,1,-0.332,19.671,-11.407,beta
B,,42,0,0,0,0,0,0,0,0,0,0,0,0,0,0,0,0.004,0,0,0.001,0.003,-2.632,19.719,-11.546,beta
B,,43,0,0,0,0,0,0,0,0,0,0,0,0,0,0,0,0.995,0,0,0.123,0.991,-4.677,19.749,-11.658,beta
B,,44,0,0,0,0,0,0,0,0,0,0,0,0,0,0,0,0.687,0,0,0.087,0.643,-6.896,19.76,-11.75,beta
B,,45,0,0,0,0,0,0,0,0,0.002,0.015,0,0,0,0,0,1,0.016,0,0.358,1,-9.419,19.751,-11.843,beta
B,,46,0,0,0,0,0,0,0,0,0.186,0.176,0.011,0,0.153,0,0.011,0.97,0.412,0,0.158,0.951,-9.011,19.725,-11.913,none
B,,47,0,0,0,0,0,0,0,0.002,0.644,0.58,0.13,0.001,0.444,0,0.131,1,0.88,0,0.265,0.999,-10.57,19.689,-12.23,none
B,,48,0,0,0,0,0,0,0,0,0.343,0.523,0,0,0.055,0,0,1,0.65,0,0.4,1,-12.909,19.651,-12.572,none
B,,49,0,0,0,0,0,0,0,0.013,0.692,0.563,0.16,0.002,0.607,0.002,0.163,0.997,0.901,0,0.238,0.996,-9.883,19.618,-12.076,none
B,,50,0,0,0,0,0.002,0,0,0.154,0.178,0.103,0.611,0.002,0.614,0.005,0.653,0.682,0.68,0,0.068,0.64,-7.077,19.595,-11.193,beta
B,,51,0,0,0,0,0,0,0,0,0,0,0,0,0,0,0,0.978,0,0,0.108,0.962,-5.368,19.583,-11.457,beta
B,,52,0,0,0,0,0,0,0,0,0,0,0,0,0,0,0,0,0,0,0,0,-2.789,19.577,-11.578,beta
B,,53,0,0,0,0,0,0,0,0,0,0,0,0,0,0,0,0.999,0,0,0.17,0.998,-0.882,19.573,-11.679,beta
B,,54,0,0,0,0,0,0,0,0,0,0,0,0,0,0,0,0,0,0,0,0,1.848,19.562,-11.688,beta
B,,55,0,0,0,0,0,0,0,0,0,0,0,0,0,0,0,0.986,0,0,0.093,0.972,3.362,19.539,-11.598,beta
B,,56,0,0,0,0,0,0,0,0,0,0,0,0,0,0,0,0,0,0,0,0,6.226,19.5,-11.434,beta
B,,57,0,0,0,0,0,0,0,0,0,0,0,0,0,0,0,0.944,0,0,0.082,0.919,7.365,19.441,-11.245,beta
B,,58,0,0,0,0,0,0,0,0,0,0,0,0,0,0,0,0,0,0,0,0,9.842,19.365,-11.08,beta
B,,59,0,0,0,0,0,0,0,0,0,0,0,0,0,0,0,0.582,0,0,0.014,0.572,11.927,19.279,-10.974,beta
B,,60,0,0,0,0,0,0,0,0,0,0,0,0,0,0,0,0,0,0,0,0,13.067,19.193,-10.938,beta
B,,61,0,0,0,0,0,0,0,0,0,0,0,0,0,0,0,0.968,0,0,0.024,0.961,14.591,19.116,-10.958,beta
B,,62,0,0,0,0,0,0,0,0,0,0,0,0,0,0,0,0,0,0,0,0,13.943,19.057,-11.003,alpha
B,,63,0,0,0,0,0,0,0,0,0,0,0,0,0,0,0,0.914,0,0,0.022,0.898,16.951,19.019,-11.043,none
B,,64,0,0,0,0,0,0,0,0,0,0,0,0,0,0,0,0.991,0,0,0.076,0.987,19.365,19.002,-11.054,none
B,,65,0,0,0,0,0,0,0,0,0,0,0,0,0,0,0,0.037,0,0,0,0.037,20.166,18.998,-11.025,alpha
B,,66,0,0,0,0,0,0,0,0,0,0,0,0,0,0,0,0.36,0,0,0.001,0.36,18.949,19.003,-10.964,none
B,,67,0,0,0,0,0,0,0,0,0,0,0,0,0,0,0,1,0,0,0.238,0.999,21.407,19.012,-10.888,none
B,,68,0,0,0,0,0,0,0,0,0,0,0,0,0,0,0,1,0,0,0.416,1,22.182,19.026,-10.819,alpha
B,,69,0,0,0,0,0,0,0,0,0,0,0,0,0,0,0,0.99,0,0,0.116,0.978,19.172,19.048,-10.782,alpha
B,,70,0,0,0,0,0,0,0,0,0,0,0,0,0,0,0,1,0,0,0.168,1,19.567,19.083,-10.799,alpha
B,,71,0,0,0,0,0,0,0,0,0,0,0,0,0,0,0,0.972,0,0,0.052,0.923,15.7,19.131,-10.886,beta
B,,72,0,0,0,0,0,0,0,0,0,0,0,0,0,0,0,1,0,0,0.124,1,15.808,19.192,-11.051,beta
B,,73,0,0,0,0,0,0,0,0,0,0,0,0,0,0,0,0,0,0,0,0,13.457,19.262,-11.288,beta
B,,74,0,0,0,0,0,0,0,0,0,0,0,0,0,0,0,0.998,0,0,0.092,0.997,12.44,19.333,-11.579,beta
B,,75,0,0,0,0,0,0,0,0,0,0,0,0,0,0,0,0.832,0,0,0.035,0.797,10.01,19.4,-11.893,beta
B,,76,0,0,0,0,0,0,0,0,0,0,0,0,0,0,0,0,0,0,0,0,8.751,19.459,-12.197,beta
B,,77,0,0,0,0,0,0,0,0,0,0,0,0,0,0,0,0.994,0,0,0.081,0.981,7.115,19.507,-12.461,beta
B,,78,0,0,0,0,0,0,0,0,0,0,0,0,0,0,0,0,0,0,0,0,4.615,19.546,-12.662,beta
B,,79,0,0,0,0,0.003,0,0,0,0,0,0,0.006,0,0,0.009,0.003,0,0,0,0.003,2.585,19.581,-12.787,beta
B,,80,0.001,0,0,0,0.119,0,0.009,0.274,0,0,0.076,0.191,0.004,0.305,0.723,0.009,0.004,0,0,0.009,-0.305,19.616,-12.833,beta
B,,81,0,0,0,0,0,0,0,0,0,0.004,0,0.001,0,0.001,0.002,1,0.004,0,0.182,0.998,-2.188,19.655,-12.809,beta
B,,82,0.004,0,0,0,0.342,0,0.059,0.937,0.059,0.019,0.939,0.257,0.635,0.649,1,0.19,0.644,0,0.009,0.182,-4.191,19.695,-12.729,beta
B,,83,0,0,0,0,0.001,0,0,0.035,0.619,0.565,0.279,0.007,0.763,0.007,0.294,0.987,0.93,0,0.25,0.982,-6.645,19.73,-12.631,none
B,,84,0,0,0,0,0,0,0,0.005,0.511,0.497,0.189,0.003,0.839,0,0.193,0.936,0.941,0,0.2,0.905,-5.537,19.751,-12.455,none
B,,85,0.001,0,0,0,0.33,0,0.027,0.808,0.037,0.022,0.951,0.189,0.679,0.416,0.999,0.132,0.684,0,0.008,0.124,-2.328,19.751,-12.666,none
B,,86,0,0,0,0,0.151,0,0.008,0.003,0,0,0,0.087,0,0.044,0.273,0.035,0,0,0,0.035,-0.172,19.728,-12.851,beta
B,,87,0,0,0,0,0.024,0,0.001,0,0,0,0,0.012,0,0.004,0.042,0.846,0,0,0.075,0.781,1.425,19.69,-13.054,beta
B,,88,0.354,0,0,0.165,0.722,0.059,0.545,0.427,0,0,0.052,0.776,0,0.803,1,0.122,0.059,0,0.001,0.122,4.363,19.651,-13.243,beta
B,,89,0,0,0,0,0.016,0.001,0.001,0,0,0,0,0.018,0,0,0.035,0.195,0.001,0,0.005,0.19,5.814,19.625,-13.389,beta
B,,90,0.246,0.007,0.001,0.172,0.371,0.091,0.259,0.021,0,0,0,0.559,0,0.156,0.966,0.121,0.093,0,0.002,0.119,9.114,19.624,-13.47,beta
B,,91,0,0,0,0,0,0,0,0,0,0,0,0,0,0,0,0,0,0,0,0,10.627,19.651,-13.471,beta
B,,92,0,0,0,0,0,0,0,0,0,0,0,0,0,0,0,0,0,0,0,0,12.503,19.704,-13.386,beta
B,,93,0,0,0,0,0,0,0,0,0,0,0,0,0,0,0,0.066,0,0,0.003,0.062,10.667,19.774,-13.222,beta
B,,94,0,0,0,0,0,0,0,0,0,0,0,0,0,0,0,1,0,0,0.116,0.999,11.99,19.848,-12.99,beta
B,,95,0,0,0,0,0,0,0,0,0,0,0,0,0,0,0,0,0,0,0,0,13.347,19.916,-12.703,alpha
B,,96,0,0,0,0,0,0,0,0,0,0,0,0,0,0,0,0.114,0,0,0,0.114,11.129,19.975,-12.372,none
B,,97,0,0,0,0,0,0,0,0,0,0,0,0,0,0,0,0,0,0,0,0,13.038,20.032,-12.005,none
B,,98,0,0,0,0,0,0,0,0,0,0,0,0,0,0,0,0.996,0,0,0.119,0.993,11.287,20.101,-11.612,alpha
B,,99,0,0,0,0,0,0,0,0,0,0,0,0,0,0,0,0.975,0,0,0.045,0.969,8.253,20.199,-11.204,alpha
B,,100,0,0,0,0,0,0,0,0,0,0,0,0,0,0,0,0.127,0,0,0.004,0.123,9.587,20.34,-10.799,alpha
B,,101,0,0,0,0,0,0,0,0,0,0,0,0,0,0,0,0,0,0,0,0,11.314,20.528,-10.419,alpha
B,,102,0,0,0,0,0,0,0,0,0,0,0,0,0,0,0,0.776,0,0,0.041,0.757,8.44,20.757,-10.079,none
B,,103,0,0,0,0,0,0,0,0,0,0,0,0,0,0,0,1,0,0,0.246,1,7.075,21.005,-9.786,none
B,,104,0,0,0,0,0,0,0,0,0,0,0,0,0,0,0,0,0,0,0,0,9.712,21.246,-9.533,none
B,,105,0,0,0,0,0,0,0,0,0,0,0,0,0,0,0,1,0,0,0.302,1,9.642,21.453,-9.306,alpha
B,,106,0,0,0,0,0,0,0,0,0,0,0,0,0,0,0,1,0,0,0.217,0.996,7.296,21.606,-9.096,alpha
B,,107,0,0,0,0,0,0,0,0,0,0,0,0,0,0,0,0.914,0,0,0.156,0.775,8.988,21.701,-8.905,none
B,,108,0,0,0,0,0,0,0,0,0,0,0,0,0,0,0,0.994,0,0,0.205,0.985,8.117,21.742,-8.752,none
B,,109,0,0,0,0,0,0,0,0,0,0,0,0,0,0,0,1,0,0,0.23,0.997,11.315,21.737,-8.662,none
B,,110,0,0,0,0,0,0,0,0,0,0,0,0,0,0,0,1,0,0,0.251,1,13.97,21.691,-8.657,alpha
B,,111,0,0,0,0,0,0,0,0,0,0,0,0,0,0,0,0.891,0,0,0.187,0.717,14.304,21.602,-8.748,alpha
B,,112,0,0,0,0,0,0,0,0,0,0,0,0,0,0,0,0.689,0,0,0.114,0.595,14.853,21.466,-8.932,alpha
B,,113,0,0,0,0,0,0,0,0,0,0,0,0,0,0,0,1,0,0,0.099,1,18.216,21.282,-9.197,alpha
B,,114,0,0,0,0,0,0,0,0,0,0,0,0,0,0,0,0.805,0,0,0.002,0.803,20.644,21.061,-9.523,none
B,,115,0,0,0,0,0,0,0,0,0,0,0,0,0,0,0,0.288,0,0,0.001,0.287,20.436,20.826,-9.888,none
B,,116,0,0,0,0,0,0,0,0,0,0,0,0,0,0,0,0.867,0,0,0.018,0.861,20.344,20.606,-10.267,alpha
B,,117,0,0,0,0,0,0,0,0,0,0,0,0,0,0,0,0.993,0,0,0.051,0.989,19.535,20.424,-10.637,none
B,,118,0,0,0,0,0,0,0,0,0,0,0,0,0,0,0,0.154,0,0,0.005,0.151,20.611,20.289,-10.972,none
B,,119,0,0,0,0,0,0,0,0,0,0,0,0,0,0,0,0.901,0,0,0.111,0.834,21.688,20.195,-11.254,none
B,,120,0,0,0,0,0,0,0,0,0,0,0,0,0,0,0,0.001,0,0,0,0.001,21.071,20.124,-11.476,none
B,,121,0,0,0,0,0,0,0,0,0,0,0,0,0,0,0,0,0,0,0,0,17.283,20.054,-11.649,none
B,,122,0,0,0,0,0,0,0,0,0,0,0,0,0,0,0,0,0,0,0,0,16.974,19.973,-11.798,none
B,,123,0,0,0,0,0,0,0,0,0,0,0,0,0,0,0,0.979,0,0,0.042,0.96,15.515,19.879,-11.951,none
B,,124,0,0,0,0,0,0,0,0,0,0,0,0,0,0,0,1,0,0,0.126,0.998,15.287,19.782,-12.121,beta
B,,125,0,0,0,0,0,0,0,0,0,0,0,0,0,0,0,0,0,0,0,0,17.006,19.701,-12.304,beta
B,,126,0,0,0,0,0,0,0,0,0,0,0,0,0,0,0,0,0,0,0,0,16.509,19.653,-12.478,beta
B,,127,0,0,0,0,0,0,0,0,0,0,0,0,0,0,0,0,0,0,0,0,15.498,19.654,-12.614,beta
B,,128,0,0.002,0,0.001,0.002,0.007,0,0,0,0,0,0,0,0,0.003,0.012,0.009,0,0.001,0.011,13.515,19.712,-12.694,beta
B,,129,0.019,0.008,0.001,0.048,0.213,0.066,0.044,0,0,0,0,0.019,0,0,0.297,0.118,0.072,0,0.002,0.117,11.209,19.823,-12.715,beta
B,,130,0.015,0,0,0.021,0.199,0.012,0.053,0,0,0,0,0.015,0,0,0.273,0.098,0.012,0,0.001,0.097,8.757,19.976,-12.695,beta
B,,131,0.424,0.005,0,0.267,0.828,0.122,0.682,0.224,0,0,0.018,0.692,0,0.517,1,0.162,0.123,0,0.001,0.162,6.128,20.148,-12.659,beta
B,,132,0,0,0,0,0.086,0,0.01,0,0,0,0,0.063,0,0.003,0.154,0.992,0,0,0.118,0.981,3.66,20.316,-12.628,beta
B,,133,0.005,0,0,0,0.351,0,0.071,0.005,0,0,0.002,0.222,0,0.042,0.587,0.059,0,0,0.004,0.056,0.79,20.458,-12.616,beta
B,,134,0,0,0,0,0,0,0,0,0,0,0,0,0,0,0,1,0,0,0.328,0.997,-1.336,20.558,-12.626,none
B,,135,0,0,0,0,0,0,0,0,0.005,0.452,0,0,0,0,0,1,0.454,0,0.535,0.999,-2.835,20.607,-12.652,none
B,,136,0.028,0,0,0.001,0.574,0,0.211,0.857,0,0,0.507,0.58,0.044,0.83,0.999,0.004,0.044,0,0,0.004,-1.731,20.606,-12.685,none
B,,137,0.02,0,0,0,0.66,0,0.194,0.959,0.053,0.027,0.979,0.587,0.835,0.832,1,0.1,0.84,0,0.01,0.092,-3.547,20.564,-12.719,none
B,,138,0,0,0,0,0,0,0,0.002,0.608,0.604,0.073,0.001,0.757,0,0.075,0.879,0.946,0,0.279,0.782,-5.842,20.492,-12.748,none
B,,139,0,0,0,0,0.025,0,0,0.637,0.633,0.488,0.974,0.046,0.958,0.144,0.989,0.831,0.983,0,0.205,0.747,-6.124,20.408,-12.775,none
B,,140,0,0,0,0,0.045,0,0.001,0.499,0.375,0.387,0.942,0.044,0.905,0.097,0.978,0.658,0.935,0,0.169,0.56,-4.854,20.326,-12.558,none
B,,141,0,0,0,0,0,0,0,0.002,0.634,0.845,0.044,0.002,0.491,0,0.046,1,0.943,0,0.65,0.999,-5.338,20.258,-12.221,none
B,,142,0,0,0,0,0,0,0,0.005,0.184,0.2,0.089,0.003,0.409,0.002,0.096,0.978,0.491,0,0.482,0.858,-3.038,20.203,-12.219,none
B,,143,0.005,0,0,0,0.2,0,0.057,0.589,0.015,0.002,0.504,0.142,0.294,0.354,0.968,0.106,0.299,0,0.028,0.079,-0.153,20.15,-12.211,beta
B,,144,0,0,0,0,0,0,0,0,0,0,0,0,0,0,0.001,0.997,0,0,0.233,0.982,1.765,20.076,-12.253,beta
B,,145,0.581,0,0,0.25,0.811,0.039,0.774,0.123,0,0,0.005,0.718,0,0.419,1,0.128,0.039,0,0.001,0.127,4.624,19.952,-12.334,beta
B,,146,0.007,0,0,0.003,0.075,0.001,0.023,0,0,0,0,0.034,0,0,0.131,0.098,0.001,0,0,0.098,6.952,19.76,-12.448,beta
B,,147,0.699,0.002,0,0.449,0.65,0.129,0.699,0.001,0,0,0,0.326,0,0.018,0.998,0.111,0.13,0,0.001,0.11,9.633,19.498,-12.585,beta
B,,148,0.108,0.001,0,0.101,0.211,0.075,0.165,0,0,0,0,0.013,0,0,0.478,0.092,0.076,0,0,0.092,11.919,19.195,-12.73,beta
B,,149,0.599,0.262,0.195,0.73,0.48,0.705,0.485,0,0,0,0,0.197,0,0.012,0.978,0.861,0.745,0,0.069,0.848,14.743,18.826,-12.864,beta
B,,150,0,0.041,0.018,0.005,0.002,0.063,0,0,0,0,0,0,0,0,0.008,0.116,0.115,0,0.005,0.112,17.035,18.884,-12.959,beta
B,,151,0,0.108,0.061,0.005,0.001,0.103,0,0,0,0,0,0,0,0,0.007,0.397,0.211,0,0.051,0.355,19.242,18.836,-12.986,alpha
B,,152,0,0.281,0.164,0,0,0.119,0,0,0,0,0,0,0,0,0,1,0.394,0,0.121,1,22.307,19.513,-12.918,alpha
B,,153,0,0,0,0,0,0,0,0,0,0,0,0,0,0,0,0.002,0,0,0,0.002,23.344,19.632,-12.748,beta
B,,154,0,0,0,0,0,0,0,0,0,0,0,0,0,0,0,0.142,0,0,0.003,0.139,26.443,19.793,-12.489,alpha
B,,155,0,0,0,0,0,0,0,0,0,0,0,0,0,0,0,0.983,0,0,0.071,0.969,29.98,19.913,-12.179,beta
B,,156,0,0,0,0,0,0,0,0,0,0,0,0,0,0,0,1,0,0,0.207,1,29.937,20.005,-11.869,alpha
B,,157,0,0,0,0,0,0,0,0,0,0,0,0,0,0,0,1,0,0,0.206,0.999,28.74,20.074,-11.61,none
B,,158,0,0,0,0,0,0,0,0,0,0,0,0,0,0,0,1,0,0,0.35,1,32.368,20.118,-11.44,none
B,,159,0,0,0,0,0,0,0,0,0,0,0,0,0,0,0,1,0,0,0.545,1,34.606,20.137,-11.374,none
B,,160,0,0,0,0,0,0,0,0,0,0,0,0,0,0,0,1,0,0,0.243,1,36.804,20.133,-11.401,none
B,,161,0,0,0,0,0,0,0,0,0,0,0,0,0,0,0,1,0,0,0.328,1,35.914,20.113,-11.494,alpha
B,,162,0,0,0,0,0,0,0,0,0,0,0,0,0,0,0,1,0,0,0.292,1,35.443,20.084,-11.614,none
B,,163,0,0,0.001,0,0,0,0,0,0,0,0,0,0,0,0,1,0.001,0,0.265,1,32.603,20.054,-11.733,none
B,,164,0,0,0,0,0,0,0,0,0,0,0,0,0,0,0,0.977,0,0,0.071,0.966,30.064,20.028,-11.832,none
B,,165,0,0,0,0,0,0,0,0,0,0,0,0,0,0,0,0.971,0,0,0.051,0.963,28.733,20.005,-11.919,beta
B,,166,0,0.006,0.004,0,0,0,0,0,0,0,0,0,0,0,0,0.426,0.01,0,0.015,0.414,25.288,19.98,-12.012,alpha
B,,167,0,0,0,0,0,0,0,0,0,0,0,0,0,0,0,0.992,0,0,0.133,0.987,24.122,19.95,-12.138,none
B,,168,0,0,0,0,0,0,0,0,0,0,0,0,0,0,0,1,0,0,0.124,1,23.027,19.912,-12.31,none
B,,169,0,0,0,0,0,0,0,0,0,0,0,0,0,0,0,0.6,0,0,0.026,0.574,26.219,19.868,-12.523,alpha
B,,170,0,0,0,0,0,0,0,0,0,0,0,0,0,0,0,0.993,0,0,0.146,0.979,27.682,19.823,-12.753,alpha
B,,171,0,0,0,0,0,0,0,0,0,0,0,0,0,0,0,1,0,0,0.358,1,30.207,19.784,-12.963,alpha
B,,172,0,0,0,0,0,0,0,0,0,0,0,0,0,0,0,0.979,0,0,0.1,0.969,30.905,19.759,-13.124,alpha
B,,173,0,0,0,0,0,0,0,0,0,0,0,0,0,0,0,0.983,0,0,0.145,0.956,28.956,19.753,-13.213,alpha
B,,174,0,0,0,0,0,0,0,0,0,0,0,0,0,0,0,0.998,0,0,0.169,0.992,25.634,19.769,-13.227,alpha
B,,175,0,0,0,0,0,0,0,0,0,0,0,0,0,0,0,0.753,0,0,0.037,0.716,26.487,19.809,-13.176,alpha
B,,176,0,0,0,0,0,0,0,0,0,0,0,0,0,0,0,0,0,0,0,0,24.279,19.868,-13.074,beta
B,,177,0,0.001,0.003,0,0,0,0,0,0,0,0,0,0,0,0,0.974,0.003,0,0.043,0.957,24.602,19.929,-12.94,alpha
B,,178,0,0.409,0.461,0.001,0,0.268,0,0,0,0,0,0,0,0,0.001,0.998,0.705,0,0.151,0.996,21.998,20.014,-12.788,none
B,,179,0,0.176,0.089,0.002,0,0.168,0,0,0,0,0,0,0,0,0.002,0.593,0.365,0,0.053,0.564,19.763,19.883,-12.627,beta
B,,180,0.458,0.233,0.118,0.74,0.247,0.765,0.237,0,0,0,0,0.009,0,0,0.904,0.74,0.799,0,0.055,0.728,16.576,19.47,-12.455,beta
B,,181,0.107,0.012,0,0.208,0.088,0.266,0.062,0,0,0,0,0.001,0,0,0.429,0.052,0.276,0,0.001,0.052,14.971,19.671,-12.268,beta
B,,182,0.328,0.006,0,0.332,0.342,0.182,0.303,0,0,0,0,0.033,0,0.001,0.877,0.05,0.183,0,0.001,0.049,11.779,19.801,-12.058,beta
B,,183,0.152,0,0,0.078,0.24,0.017,0.189,0,0,0,0,0.029,0,0.001,0.611,0.117,0.017,0,0,0.117,9.444,19.935,-11.817,beta
B,,184,0.549,0,0,0.27,0.624,0.033,0.637,0.189,0,0,0.011,0.501,0,0.432,0.999,0.045,0.033,0,0,0.045,6.718,20.046,-11.544,beta
B,,185,0.004,0,0,0,0.034,0,0.007,0.001,0,0,0,0.03,0,0.005,0.08,0.538,0,0,0.016,0.527,4.724,20.136,-11.24,beta
B,,186,0.22,0,0,0.113,0.555,0.027,0.378,0.891,0.031,0.01,0.863,0.515,0.553,0.74,1,0.084,0.573,0,0.007,0.077,1.565,20.216,-10.915,beta
B,,187,0,0,0,0,0.005,0,0,0.015,0.009,0.101,0.044,0.009,0.157,0.004,0.072,0.999,0.241,0,0.567,0.995,-0.51,20.295,-10.584,beta
B,,188,0.003,0,0,0,0.142,0,0.023,0.67,0.716,0.618,0.972,0.104,0.983,0.22,0.99,0.909,0.992,0,0.439,0.807,-3.645,20.371,-10.228,beta
B,,189,0,0,0,0,0,0,0,0.009,0.826,0.912,0.133,0.003,0.672,0.003,0.138,1,0.99,0,0.658,1,-5.112,20.43,-10.068,none
B,,190,0,0,0,0,0.001,0,0,0.013,0.485,0.384,0.173,0.002,0.677,0.002,0.178,0.852,0.887,0,0.258,0.768,-2.957,20.455,-9.767,none
B,,191,0.071,0,0,0.008,0.614,0,0.247,0.904,0.095,0.041,0.948,0.433,0.712,0.68,1,0.351,0.719,0,0.068,0.292,0.377,20.426,-10.004,beta
B,,192,0,0,0,0,0.011,0,0.001,0.026,0,0,0.062,0.015,0.067,0.006,0.117,0.092,0.068,0,0.019,0.073,2.575,20.332,-10.214,beta
B,,193,0.321,0,0,0.193,0.523,0.074,0.381,0.409,0,0,0.172,0.517,0.056,0.547,0.997,0.041,0.124,0,0,0.04,5.348,20.173,-10.474,beta
B,,194,0.099,0,0,0.108,0.256,0.045,0.16,0.002,0,0,0.001,0.189,0,0.019,0.717,0.027,0.045,0,0,0.027,8.041,19.964,-10.757,beta
B,,195,0.348,0.005,0.002,0.384,0.352,0.261,0.325,0.001,0,0,0,0.182,0,0.011,0.922,0.081,0.262,0,0,0.081,10.826,19.737,-11.045,beta
B,,196,0.22,0.004,0.002,0.217,0.182,0.172,0.175,0,0,0,0,0.021,0,0.001,0.634,0.054,0.176,0,0,0.054,12.976,19.552,-11.32,beta
B,,197,0.566,0.126,0.111,0.757,0.398,0.691,0.464,0,0,0,0,0.056,0,0,0.965,0.565,0.72,0,0.098,0.497,16.339,19.293,-11.567,beta
B,,198,0.004,0.054,0.051,0.035,0.009,0.16,0.001,0,0,0,0,0,0,0,0.048,0.257,0.247,0,0.074,0.184,17.995,19.986,-11.779,beta
B,,199,0.022,0.547,0.178,0.243,0.029,0.728,0.007,0,0,0,0,0,0,0,0.287,0.834,0.86,0,0.14,0.803,21.072,20.643,-11.956,beta
B,,200,0,0.056,0.011,0,0,0.007,0,0,0,0,0,0,0,0,0,0.216,0.074,0,0.025,0.191,22.7,20.775,-12.104,beta
B,,201,0,0.6,0.259,0,0,0.256,0,0,0,0,0,0,0,0,0,1,0.685,0,0.212,0.999,25.729,20.997,-12.231,beta
B,,202,0,0,0.001,0,0,0,0,0,0,0,0,0,0,0,0,0.938,0.001,0,0.092,0.907,28.32,20.717,-12.344,alpha
B,,203,0,0,0.001,0,0,0,0,0,0,0,0,0,0,0,0,0.999,0.001,0,0.173,0.995,30.09,20.507,-12.445,alpha
B,,204,0,0,0,0,0,0,0,0,0,0,0,0,0,0,0,1,0,0,0.381,1,33.742,20.328,-12.531,none
B,,205,0,0,0,0,0,0,0,0,0,0,0,0,0,0,0,0.995,0,0,0.099,0.994,34.406,20.217,-12.597,none
B,,206,0,0,0,0,0,0,0,0,0,0,0,0,0,0,0,0.941,0,0,0.035,0.906,33.059,20.175,-12.637,none
B,,207,0,0,0,0,0,0,0,0,0,0,0,0,0,0,0,1,0,0,0.233,0.999,34.906,20.19,-12.648,none
B,,208,0,0,0,0,0,0,0,0,0,0,0,0,0,0,0,1,0,0,0.234,1,38.836,20.239,-12.629,none
B,,209,0,0,0,0,0,0,0,0,0,0,0,0,0,0,0,1,0,0,0.164,1,41.025,20.302,-12.584,none
B,,210,0,0,0,0,0,0,0,0,0,0,0,0,0,0,0,1,0,0,0.177,1,39.988,20.372,-12.521,none
B,,211,0,0,0,0,0,0,0,0,0,0,0,0,0,0,0,1,0,0,0.279,1,36.954,20.453,-12.452,none
B,,212,0,0,0,0,0,0,0,0,0,0,0,0,0,0,0,0.958,0,0,0.055,0.951,36.176,20.558,-12.389,beta
B,,213,0,0,0,0,0,0,0,0,0,0,0,0,0,0,0,0.962,0,0,0.041,0.933,33.513,20.703,-12.341,alpha
B,,214,0,0,0,0,0,0,0,0,0,0,0,0,0,0,0,1,0,0,0.146,1,34.62,20.897,-12.307,alpha
B,,215,0,0,0.002,0,0,0,0,0,0,0,0,0,0,0,0,1,0.002,0,0.169,1,32.825,21.135,-12.278,alpha
B,,216,0,0.011,0.075,0,0,0,0,0,0,0,0,0,0,0,0,1,0.079,0,0.376,1,30.497,21.389,-12.237,none
B,,217,0,0.736,0.275,0,0,0.253,0,0,0,0,0,0,0,0,0,0.999,0.8,0,0.196,0.999,27.274,21.69,-12.165,beta
B,,218,0,0,0,0,0,0,0,0,0,0,0,0,0,0,0,0.014,0,0,0.001,0.013,25.368,21.59,-12.048,beta
B,,219,0,0.224,0.35,0,0,0.149,0,0,0,0,0,0,0,0,0,0.928,0.534,0,0.216,0.921,22.826,21.589,-11.879,beta
B,,220,0,0.051,0.089,0,0,0.009,0,0,0,0,0,0,0,0,0,0.366,0.126,0,0.12,0.299,20.148,20.786,-11.659,beta
B,,221,0.398,0.688,0.532,0.674,0.244,0.873,0.262,0,0,0,0,0.061,0,0.003,0.787,0.953,0.953,0,0.197,0.938,18.227,20.065,-11.399,beta
B,,222,0.055,0.281,0.019,0.186,0.035,0.44,0.026,0,0,0,0,0.001,0,0,0.272,0.166,0.596,0,0.002,0.164,14.952,19.314,-11.114,beta
B,,223,0.246,0.225,0.014,0.442,0.298,0.588,0.217,0,0,0,0,0.177,0,0.01,0.843,0.19,0.617,0,0.002,0.189,12.713,19.791,-10.829,beta
B,,224,0.089,0,0,0.066,0.16,0.051,0.085,0,0,0,0,0.091,0,0.006,0.435,0.029,0.051,0,0,0.029,9.847,20.163,-10.567,beta
B,,225,0.413,0,0,0.151,0.728,0.041,0.617,0.11,0,0,0.016,0.598,0.001,0.387,0.999,0.038,0.042,0,0,0.038,7.429,20.579,-10.356,beta
B,,226,0.001,0,0,0,0.246,0,0.011,0.02,0,0,0.003,0.093,0.001,0.025,0.385,0.899,0.001,0,0.08,0.879,4.477,20.965,-10.216,beta
B,,227,0.026,0,0,0.003,0.516,0,0.104,0.843,0.27,0.134,0.97,0.288,0.858,0.489,0.999,0.365,0.87,0,0.029,0.344,2.009,21.292,-10.159,beta
B,,228,0,0,0,0,0,0,0,0.009,0.007,0.093,0.033,0.001,0.061,0.001,0.04,0.998,0.155,0,0.356,0.996,-0.862,21.547,-10.192,beta
B,,229,0,0,0,0,0,0,0,0.014,0.504,0.427,0.127,0.001,0.503,0.002,0.131,0.921,0.837,0,0.182,0.884,-3.597,21.728,-10.23,beta
B,,230,0,0,0,0,0,0,0,0.007,0.836,0.704,0.137,0,0.67,0,0.138,1,0.964,0,0.29,1,-5.566,21.834,-10.711,none
B,,231,0,0,0,0,0,0,0,0.005,0.577,0.477,0.094,0.001,0.554,0,0.096,0.997,0.865,0,0.195,0.994,-3.14,21.863,-10.823,none
B,,232,0,0,0,0,0.196,0,0.008,0.571,0.147,0.066,0.88,0.132,0.729,0.231,0.959,0.534,0.743,0,0.036,0.507,-0.436,21.81,-10.576,beta
B,,233,0,0,0,0,0.032,0,0.001,0.047,0,0.001,0.037,0.025,0.051,0.027,0.152,0.969,0.052,0,0.096,0.958,2.058,21.666,-10.372,beta
B,,234,0.088,0,0,0.003,0.821,0,0.476,0.679,0,0,0.297,0.518,0.073,0.668,1,0.038,0.073,0,0,0.038,4.985,21.427,-10.188,beta
B,,235,0.026,0,0,0.001,0.505,0,0.193,0.009,0,0,0,0.17,0,0.042,0.749,0.022,0,0,0,0.022,7.114,21.097,-10.065,beta
B,,236,0.109,0,0,0.015,0.57,0.003,0.427,0.003,0,0,0,0.204,0,0.037,0.927,0.026,0.003,0,0,0.026,10.634,20.699,-10.027,beta
B,,237,0.028,0,0,0.022,0.051,0.013,0.023,0,0,0,0,0.019,0,0,0.138,0.013,0.013,0,0,0.013,12.904,20.289,-10.078,beta
B,,238,0.629,0.48,0.298,0.81,0.374,0.818,0.427,0,0,0,0,0.329,0,0.041,0.984,0.784,0.899,0,0.075,0.76,16.263,19.792,-10.207,beta
B,,239,0.002,0.295,0.064,0.014,0.002,0.169,0.001,0,0,0,0,0,0,0,0.018,0.282,0.464,0,0.036,0.248,18.282,20.058,-10.382,beta
B,,240,0.031,0.728,0.501,0.096,0.015,0.439,0.009,0,0,0,0,0.002,0,0,0.123,0.95,0.894,0,0.224,0.932,21.488,20.291,-10.564,beta
B,,241,0,0.024,0.065,0,0,0,0,0,0,0,0,0,0,0,0,0.397,0.087,0,0.081,0.33,23.752,20.163,-10.707,beta
B,,242,0,0.184,0.354,0.001,0,0.031,0,0,0,0,0,0,0,0,0.001,1,0.435,0,0.287,1,26.306,20.057,-10.777,beta
B,,243,0,0,0.002,0,0,0,0,0,0,0,0,0,0,0,0,0.95,0.002,0,0.071,0.939,28.616,20.112,-10.754,none
B,,244,0,0,0,0,0,0,0,0,0,0,0,0,0,0,0,0,0,0,0,0,25.465,20.169,-10.643,alpha
B,,245,0,0,0,0,0,0,0,0,0,0,0,0,0,0,0,0.359,0,0,0,0.359,25.676,20.253,-10.47,none
B,,246,0,0,0,0,0,0,0,0,0,0,0,0,0,0,0,0.999,0,0,0.135,0.996,27.853,20.347,-10.285,beta
B,,247,0,0,0,0,0,0,0,0,0,0,0,0,0,0,0,0.443,0,0,0,0.443,30.537,20.434,-10.141,alpha
B,,248,0,0,0,0,0,0,0,0,0,0,0,0,0,0,0,0.94,0,0,0.058,0.913,30.58,20.498,-10.08,none
B,,249,0,0,0,0,0,0,0,0,0,0,0,0,0,0,0,1,0,0,0.343,1,32.953,20.535,-10.12,none
B,,250,0,0,0,0,0,0,0,0,0,0,0,0,0,0,0,0.998,0,0,0.15,0.995,35.091,20.561,-10.244,none
B,,251,0,0,0,0,0,0,0,0,0,0,0,0,0,0,0,0.129,0,0,0.005,0.124,33.529,20.604,-10.408,beta
B,,252,0,0,0,0,0,0,0,0,0,0,0,0,0,0,0,0.861,0,0,0.038,0.835,30.511,20.697,-10.555,beta
B,,253,0,0,0,0,0,0,0,0,0,0,0,0,0,0,0,0.003,0,0,0,0.003,30.337,20.858,-10.637,alpha
B,,254,0,0,0,0,0,0,0,0,0,0,0,0,0,0,0,1,0.001,0,0.135,1,31.243,21.074,-10.631,none
B,,255,0,0.255,0.105,0,0,0.029,0,0,0,0,0,0,0,0,0,1,0.3,0,0.292,1,28.753,21.355,-10.545,beta
B,,256,0,0,0,0,0,0,0,0,0,0,0,0,0,0,0,0.125,0,0,0.028,0.099,26.451,21.369,-10.41,beta
B,,257,0.001,0.447,0.298,0.012,0,0.12,0,0,0,0,0,0,0,0,0.012,0.952,0.624,0,0.204,0.935,23.677,21.428,-10.269,beta
B,,258,0,0.029,0.03,0,0,0.002,0,0,0,0,0,0,0,0,0,0.258,0.059,0,0.045,0.22,20.95,21.279,-10.165,beta
B,,259,0.617,0.209,0.177,0.726,0.428,0.644,0.55,0,0,0,0,0.247,0,0.021,0.987,0.752,0.732,0,0.082,0.724,18.267,21.112,-10.132,beta
B,,260,0.002,0,0,0.002,0.002,0.003,0.001,0,0,0,0,0,0,0,0.005,0.002,0.003,0,0,0.002,15.351,21.336,-10.189,beta
B,,261,0.139,0,0,0.017,0.493,0.004,0.417,0.001,0,0,0,0.137,0,0.015,0.905,0.017,0.004,0,0,0.017,12.255,21.499,-10.34,beta
B,,262,0.192,0,0,0.02,0.454,0,0.446,0.001,0,0,0,0.118,0,0.018,0.884,0.014,0,0,0,0.014,9.762,21.63,-10.574,beta
B,,263,0.201,0,0,0.021,0.601,0,0.499,0.199,0,0,0.085,0.399,0.054,0.344,0.994,0.024,0.054,0,0,0.024,6.73,21.688,-10.864,beta
B,,264,0.001,0,0,0,0.242,0,0.019,0.155,0,0,0.087,0.301,0.058,0.221,0.792,0.198,0.058,0,0.007,0.191,4.438,21.66,-11.175,beta
B,,265,0,0,0,0,0.351,0,0.034,0.889,0.278,0.187,0.967,0.455,0.846,0.647,1,0.519,0.866,0,0.041,0.492,1.006,21.553,-11.469,beta
B,,266,0,0,0,0,0,0,0,0,0.033,0.039,0.003,0,0.026,0,0.003,1,0.093,0,0.183,0.999,-2.049,21.394,-11.708,alpha
B,,267,0,0,0,0,0.13,0,0.007,0.874,0.222,0.226,0.93,0.301,0.722,0.598,0.999,0.786,0.787,0,0.065,0.765,-4.25,21.224,-11.85,alpha
B,,268,0,0,0,0,0,0,0,0,0.46,0.787,0.015,0,0.271,0,0.015,1,0.875,0,0.317,1,-7.293,21.087,-12.01,none
B,,269,0,0,0,0,0.014,0,0,0.813,0.865,0.718,0.993,0.08,0.994,0.275,0.997,0.984,0.999,0,0.176,0.977,-7.298,21.016,-11.427,none
B,,270,0,0,0,0,0,0,0,0.019,0.48,0.171,0.443,0.001,0.913,0,0.445,0.708,0.932,0,0.067,0.659,-3.756,21.029,-10.742,none
B,,271,0.001,0,0,0,0.228,0,0.022,0.724,0.002,0,0.819,0.349,0.361,0.64,0.996,0.022,0.361,0,0.001,0.021,-0.767,21.123,-10.988,beta
B,,272,0,0,0,0,0.007,0,0,0.001,0,0,0,0.01,0,0.005,0.024,0.98,0,0,0.153,0.963,1.55,21.28,-11.128,beta
B,,273,0.038,0,0,0.002,0.599,0,0.267,0.369,0,0,0.043,0.846,0.001,0.799,1,0.019,0.001,0,0,0.019,4.478,21.472,-11.261,beta
B,,274,0.005,0,0,0,0.122,0,0.033,0.03,0,0,0.016,0.215,0,0.063,0.408,0.007,0,0,0,0.007,7.113,21.674,-11.318,beta
B,,275,0.736,0,0,0.315,0.653,0.037,0.779,0.13,0,0,0.047,0.73,0.001,0.39,1,0.026,0.038,0,0,0.026,9.968,21.865,-11.278,beta
B,,276,0.319,0,0,0.101,0.178,0.022,0.331,0,0,0,0,0.068,0,0.005,0.758,0.01,0.022,0,0,0.01,12.788,22.034,-11.143,beta
B,,277,0.786,0.218,0.112,0.854,0.578,0.77,0.737,0.003,0,0,0,0.28,0,0.042,0.999,0.761,0.802,0,0.069,0.736,15.754,22.173,-10.936,beta
B,,278,0,0.035,0.007,0,0.001,0.033,0,0,0,0,0,0,0,0,0.001,0.311,0.074,0,0.038,0.272,18.328,22.272,-10.69,beta
B,,279,0.004,0.412,0.149,0.041,0.006,0.357,0,0,0,0,0,0,0,0,0.047,0.86,0.644,0,0.128,0.842,21.443,22.379,-10.438,beta
B,,280,0,0.001,0.002,0,0,0,0,0,0,0,0,0,0,0,0,0.445,0.003,0,0.007,0.443,23.994,22.183,-10.204,beta
B,,281,0,0.5,0.142,0.001,0,0.17,0,0,0,0,0,0,0,0,0.001,0.997,0.56,0,0.265,0.995,27.014,22.023,-10.003,beta
B,,282,0,0,0.001,0,0,0,0,0,0,0,0,0,0,0,0,0.088,0.001,0,0.008,0.081,29.616,21.719,-9.836,beta
B,,283,0,0.252,0.091,0,0,0.01,0,0,0,0,0,0,0,0,0,1,0.29,0,0.33,1,32.013,21.417,-9.697,beta
B,,284,0,0,0.003,0,0,0,0,0,0,0,0,0,0,0,0,1,0.003,0,0.28,1,35.289,21.268,-9.578,none
B,,285,0,0,0,0,0,0,0,0,0,0,0,0,0,0,0,0.653,0,0,0.027,0.64,35.391,21.148,-9.474,alpha
B,,286,0,0,0,0,0,0,0,0,0,0,0,0,0,0,0,1,0,0,0.142,0.999,39.012,21.098,-9.39,none
B,,287,0,0,0,0,0,0,0,0,0,0,0,0,0,0,0,1,0,0,0.458,1,42.363,21.117,-9.331,none
B,,288,0,0,0,0,0,0,0,0,0,0,0,0,0,0,0,1,0,0,0.283,0.999,41.849,21.196,-9.306,none
B,,289,0,0,0,0,0,0,0,0,0,0,0,0,0,0,0,0.991,0,0,0.345,0.981,38.731,21.315,-9.323,alpha
B,,290,0,0,0,0,0,0,0,0,0,0,0,0,0,0,0,1,0,0,0.555,1,37.961,21.453,-9.385,alpha
B,,291,0,0.003,0.025,0,0,0,0,0,0,0,0,0,0,0,0,1,0.026,0,0.473,1,34.841,21.592,-9.497,none
B,,292,0,0.007,0.029,0,0,0,0,0,0,0,0,0,0,0,0,0.999,0.034,0,0.583,0.994,33.179,21.719,-9.66,beta
B,,293,0,0.015,0.086,0,0,0,0,0,0,0,0,0,0,0,0,0.989,0.093,0,0.41,0.968,30.252,21.827,-9.874,beta
B,,294,0,0,0,0,0,0,0,0,0,0,0,0,0,0,0,0.487,0,0,0.051,0.466,28.478,21.908,-10.131,beta
B,,295,0,0,0,0,0,0,0,0,0,0,0,0,0,0,0,0.875,0,0,0.002,0.873,24.865,21.957,-10.415,beta
B,,296,0,0.559,0.179,0.002,0.001,0.23,0,0,0,0,0,0,0,0,0.003,0.986,0.641,0,0.168,0.984,23.127,22.008,-10.696,beta
B,,297,0,0.046,0.009,0,0.001,0.045,0,0,0,0,0,0,0,0,0.001,0.786,0.101,0,0.048,0.761,20.63,21.836,-10.935,beta
B,,298,0.547,0.082,0.023,0.801,0.126,0.558,0.175,0,0,0,0,0.033,0,0.002,0.95,0.568,0.577,0,0.05,0.534,17.443,21.673,-11.086,beta
B,,299,0.006,0,0,0.002,0.005,0.004,0.002,0,0,0,0,0.001,0,0,0.017,0.001,0.004,0,0,0.001,14.726,21.491,-11.11,beta
B,,300,0.701,0.001,0,0.526,0.413,0.081,0.518,0.018,0,0,0,0.459,0,0.067,0.995,0.033,0.082,0,0,0.033,12.074,21.306,-10.99,beta
B,,301,0.03,0,0,0.001,0.36,0,0.173,0.005,0,0,0,0.486,0,0.08,0.865,0.016,0,0,0,0.016,9.465,21.127,-10.737,beta
B,,302,0.005,0,0,0,0.319,0,0.066,0.011,0,0,0.001,0.411,0,0.129,0.806,0.009,0,0,0,0.009,6.08,20.959,-10.392,beta
B,,303,0,0,0,0,0.011,0,0,0.002,0,0,0,0.007,0,0.001,0.021,0.37,0,0,0.042,0.328,3.921,20.801,-10.015,beta
B,,304,0.086,0,0,0.002,0.652,0,0.357,0.936,0.005,0.001,0.903,0.784,0.457,0.894,1,0.042,0.458,0,0.001,0.041,0.882,20.645,-9.686,beta
B,,305,0,0,0,0,0,0,0,0.005,0.229,0.163,0.195,0,0.559,0.001,0.197,1,0.661,0,0.262,0.998,-1.584,20.489,-9.28,beta
B,,306,0,0,0,0,0.107,0,0.003,0.798,0.578,0.215,0.965,0.051,0.975,0.367,0.998,0.593,0.985,0,0.04,0.573,-3.548,20.332,-9.908,none
B,,307,0,0,0,0,0,0,0,0,0.708,0.449,0.005,0,0.207,0,0.005,0.999,0.833,0,0.237,0.998,-5.873,20.184,-10.133,none
B,,308,0,0,0,0,0,0,0,0,0.051,0.084,0,0,0.002,0,0,1,0.124,0,0.425,1,-5.389,20.056,-10.124,none
B,,309,0,0,0,0,0,0,0,0,0,0,0,0,0,0,0,0.998,0,0,0.13,0.992,-3.519,19.955,-10.114,none
B,,310,0,0,0,0,0.003,0,0,0,0,0,0,0.005,0,0,0.009,0.003,0,0,0,0.003,-1.334,19.878,-10.07,beta
B,,311,0,0,0,0,0,0,0,0,0,0,0,0,0,0,0,0.842,0,0,0.081,0.762,1.183,19.81,-10.018,beta
B,,312,0.004,0,0,0,0.342,0,0.068,0.138,0,0,0.029,0.563,0.007,0.55,0.966,0.036,0.007,0,0,0.036,4.202,19.729,-9.988,beta
B,,313,0.001,0,0,0,0.129,0,0.015,0,0,0,0,0.208,0,0.004,0.354,0.655,0,0,0.042,0.643,6.355,19.618,-10.011,beta
B,,314,0.421,0,0,0.155,0.539,0.012,0.47,0.013,0,0,0,0.679,0,0.185,0.995,0.033,0.012,0,0,0.033,9.609,19.475,-10.108,beta
B,,315,0.002,0,0,0,0.005,0,0.003,0,0,0,0,0.004,0,0,0.014,0.001,0,0,0,0.001,11.918,19.343,-10.285,beta
B,,316,0.787,0.174,0.088,0.892,0.577,0.723,0.684,0.005,0,0,0,0.601,0,0.133,1,0.641,0.743,0,0.035,0.621,14.878,19.124,-10.523,beta
B,,317,0,0.044,0.029,0.004,0.001,0.082,0,0,0,0,0,0,0,0,0.005,0.52,0.155,0,0.016,0.51,17.792,19.819,-10.789,beta
B,,318,0.235,0.256,0.133,0.662,0.051,0.699,0.051,0,0,0,0,0.006,0,0,0.771,0.782,0.769,0,0.044,0.766,19.676,20.335,-11.04,beta
B,,319,0,0.168,0.084,0.001,0,0.07,0,0,0,0,0,0,0,0,0.001,0.931,0.281,0,0.073,0.896,22.896,21.877,-11.239,beta
B,,320,0.019,0.527,0.41,0.242,0.012,0.618,0.005,0,0,0,0,0,0,0,0.263,0.999,0.843,0,0.167,0.997,25.079,22.323,-11.361,alpha
B,,321,0,0.018,0.143,0,0,0,0,0,0,0,0,0,0,0,0,0.989,0.155,0,0.218,0.98,27.886,22.281,-11.389,alpha
B,,322,0,0.033,0.321,0,0,0,0,0,0,0,0,0,0,0,0,1,0.328,0,0.63,1,31.124,22.258,-11.318,alpha
B,,323,0,0.001,0.029,0,0,0,0,0,0,0,0,0,0,0,0,1,0.029,0,0.521,1,33.871,22.195,-11.149,alpha
B,,324,0,0,0.004,0,0,0,0,0,0,0,0,0,0,0,0,1,0.004,0,0.525,1,36.821,22.123,-10.885,alpha
B,,325,0,0,0,0,0,0,0,0,0,0,0,0,0,0,0,1,0,0,0.353,1,39.066,22.052,-10.538,alpha
B,,326,0,0,0,0,0,0,0,0,0,0,0,0,0,0,0,0.874,0,0,0.245,0.841,36.581,21.984,-10.133,alpha
B,,327,0,0,0,0,0,0,0,0,0,0,0,0,0,0,0,0.505,0,0,0.208,0.347,34.057,21.92,-9.707,alpha
B,,328,0,0,0,0,0,0,0,0,0,0,0,0,0,0,0,1,0,0,0.366,1,35.972,21.86,-9.303,alpha
B,,329,0,0,0,0,0,0,0,0,0,0,0,0,0,0,0,1,0,0,0.456,1,37.32,21.803,-8.97,alpha
B,,330,0,0,0,0,0,0,0,0,0,0,0,0,0,0,0,0.587,0,0,0.052,0.546,34.196,21.75,-8.744,alpha
B,,331,0,0,0,0,0,0,0,0,0,0,0,0,0,0,0,1,0,0,0.317,0.999,32.243,21.7,-8.647,none
B,,332,0,0,0,0,0,0,0,0,0,0,0,0,0,0,0,1,0,0,0.165,1,29.709,21.65,-8.679,alpha
B,,333,0,0,0,0,0,0,0,0,0,0,0,0,0,0,0,0.999,0,0,0.134,0.997,27.48,21.597,-8.821,alpha
B,,334,0,0.004,0.038,0,0,0,0,0,0,0,0,0,0,0,0,0.999,0.039,0,0.253,0.997,28.16,21.531,-9.041,alpha
B,,335,0,0.107,0.318,0,0,0,0,0,0,0,0,0,0,0,0,1,0.355,0,0.349,1,25.922,21.428,-9.301,none
B,,336,0,0.66,0.557,0.032,0.002,0.371,0,0,0,0,0,0,0,0,0.034,0.998,0.844,0,0.199,0.995,22.581,21.357,-9.57,alpha
B,,337,0,0.164,0.069,0.005,0.001,0.158,0,0,0,0,0,0,0,0,0.005,0.472,0.344,0,0.027,0.451,19.667,20.796,-9.825,beta
B,,338,0.294,0.264,0.102,0.51,0.102,0.489,0.084,0,0,0,0,0.086,0,0,0.8,0.667,0.576,0,0.039,0.65,16.668,20.248,-10.051,beta
B,,339,0,0,0,0,0.001,0.004,0,0,0,0,0,0,0,0,0.001,0.008,0.004,0,0,0.008,14.005,20.043,-10.241,beta
B,,340,0.452,0.001,0.001,0.27,0.435,0.049,0.479,0.006,0,0,0,0.623,0,0.092,0.993,0.045,0.05,0,0,0.045,11.258,19.827,-10.39,beta
B,,341,0,0,0,0,0.184,0,0.026,0,0,0,0,0.317,0,0.006,0.533,0.025,0,0,0,0.025,8.476,19.661,-10.492,beta
B,,342,0,0,0,0,0.117,0,0.01,0.002,0,0,0,0.19,0,0.065,0.349,0.013,0,0,0,0.013,5.867,19.542,-10.549,beta
B,,343,0,0,0,0,0,0,0,0,0,0,0,0,0,0,0,0.573,0,0,0.021,0.551,3.843,19.473,-10.566,beta
B,,344,0,0,0,0,0,0,0,0,0,0,0,0,0,0,0,0,0,0,0,0,1.356,19.454,-10.554,beta
B,,345,0,0,0,0,0,0,0,0,0,0,0,0,0,0,0,0.996,0,0,0.175,0.988,-0.191,19.476,-10.525,alpha
B,,346,0,0,0,0,0,0,0,0,0,0,0,0,0,0,0,0.982,0,0,0.121,0.975,-1.99,19.525,-10.49,alpha
C,,1,0,0,0,0,0,0,0,0,0,0,0,0,0,0,0,0.956,0,0,0.074,0.944,-6.567,19.584,-10.455,alpha
C,,2,0,0,0,0,0,0,0,0,0,0,0,0,0,0,0,0.999,0,0,0.18,0.999,-8.54,19.636,-10.42,beta
C,,3,0,0,0,0,0,0,0,0,0,0,0,0,0,0,0,0.238,0,0,0.017,0.226,-8.632,19.672,-10.389,beta
C,,4,0,0,0,0,0,0,0,0,0,0,0,0,0,0,0,1,0,0,0.196,1,-9.973,19.692,-10.36,beta
C,,5,0,0,0,0,0,0,0,0,0,0,0,0,0,0,0,1,0,0,0.242,1,-12.934,19.698,-10.339,beta
C,,6,0,0,0,0,0,0,0,0,0,0,0,0,0,0,0,1,0,0,0.413,1,-14.891,19.697,-10.327,beta
C,,7,0,0,0,0,0,0,0,0,0,0.01,0,0,0,0,0,1,0.01,0,0.501,1,-15.783,19.696,-10.329,none
C,,8,0,0,0,0,0,0,0,0,0,0.015,0,0,0,0,0,0.999,0.015,0,0.294,0.998,-13.51,19.703,-10.344,none
C,,9,0,0,0,0,0,0,0,0,0,0,0,0,0,0,0,0.983,0,0,0.176,0.974,-10.107,19.723,-10.372,beta
C,,10,0,0,0,0,0,0,0,0,0,0,0,0,0,0,0,1,0,0,0.251,1,-9.357,19.761,-10.412,beta
C,,11,0,0,0,0,0,0,0,0,0,0,0,0,0,0,0,0.03,0,0,0.008,0.022,-6.42,19.822,-10.462,beta
C,,12,0,0,0,0,0,0,0,0,0,0,0,0,0,0,0,0.972,0,0,0.065,0.957,-5.38,19.901,-10.517,beta
C,,13,0,0,0,0,0,0,0,0,0,0,0,0,0,0,0,0.002,0,0,0,0.002,-2.627,19.988,-10.576,beta
C,,14,0,0,0,0,0,0,0,0,0,0,0,0,0,0,0,0.999,0,0,0.169,0.999,-0.841,20.065,-10.635,beta
C,,15,0,0,0,0,0,0,0,0,0,0,0,0,0,0,0,0.129,0,0,0.006,0.122,1.929,20.108,-10.691,beta
C,,16,0,0,0,0,0,0,0,0,0,0,0,0,0,0,0,1,0,0,0.172,0.999,3.227,20.091,-10.74,beta
C,,17,0,0,0,0,0,0,0,0,0,0,0,0,0,0,0,0,0,0,0,0,5.614,19.996,-10.774,beta
C,,18,0,0,0,0,0,0,0,0,0,0,0,0,0,0,0,0.847,0,0,0.021,0.838,7.735,19.824,-10.784,beta
C,,19,0,0,0,0,0,0,0,0,0,0,0,0,0,0,0,0,0,0,0,0,9.51,19.592,-10.759,beta
C,,20,0,0,0,0,0,0,0,0,0,0,0,0,0,0,0,0.226,0,0,0.003,0.224,11.829,19.361,-10.695,beta
C,,21,0.015,0.098,0.034,0.069,0.047,0.15,0.01,0,0,0,0,0.013,0,0,0.141,0.387,0.195,0,0.049,0.346,14.739,19.04,-10.594,beta
C,,22,0,0,0.001,0,0.001,0,0,0,0,0,0,0,0,0,0.001,0.693,0.001,0,0.022,0.679,16.802,19.605,-10.471,beta
C,,23,0.531,0.27,0.214,0.722,0.278,0.632,0.283,0,0,0,0,0.302,0,0.029,0.977,0.913,0.702,0,0.081,0.904,18.123,20.068,-10.351,beta
C,,24,0.002,0.424,0.522,0.038,0.003,0.397,0.001,0,0,0,0,0,0,0,0.044,0.976,0.771,0,0.184,0.964,21.713,20.853,-10.257,beta
C,,25,0,0.174,0.6,0,0,0.013,0,0,0,0,0,0,0,0,0,1,0.638,0,0.265,1,25.171,21.545,-10.211,none
C,,26,0,0,0.001,0,0,0,0,0,0,0,0,0,0,0,0,0.998,0.001,0,0.099,0.997,26.131,21.518,-10.22,alpha
C,,27,0,0.016,0.024,0,0,0,0,0,0,0,0,0,0,0,0,1,0.037,0,0.148,1,26.416,21.556,-10.28,none
C,,28,0,0,0,0,0,0,0,0,0,0,0,0,0,0,0,1,0,0,0.278,1,26.952,21.566,-10.376,none
C,,29,0,0,0,0,0,0,0,0,0,0,0,0,0,0,0,0.999,0,0,0.086,0.997,22.705,21.554,-10.489,none
C,,30,0,0.092,0.173,0,0,0.005,0,0,0,0,0,0,0,0,0,0.868,0.234,0,0.076,0.855,21.814,21.608,-10.599,alpha
C,,31,0,0.03,0.015,0,0,0,0,0,0,0,0,0,0,0,0,0.238,0.045,0,0.039,0.199,19.882,21.038,-10.69,beta
C,,32,0,0,0,0,0,0,0,0,0,0,0,0,0,0,0,0,0,0,0,0,17.351,20.857,-10.755,beta
C,,33,0,0,0,0,0,0,0,0,0,0,0,0,0,0,0,0.931,0,0,0.032,0.907,16.129,20.658,-10.792,alpha
C,,34,0,0,0,0,0,0,0,0,0,0,0,0,0,0,0,0,0,0,0,0,12.746,20.509,-10.809,alpha
C,,35,0,0,0,0,0,0,0,0,0,0,0,0,0,0,0,0.999,0,0,0.065,0.999,11.362,20.392,-10.817,beta
C,,36,0,0,0,0,0,0,0,0,0,0,0,0,0,0,0,0,0,0,0,0,8.369,20.292,-10.829,beta
C,,37,0,0,0,0,0,0,0,0,0,0,0,0,0,0,0,1,0,0,0.145,0.998,7.196,20.194,-10.853,beta
C,,38,0,0,0,0,0,0,0,0,0,0,0,0,0,0,0,0.101,0,0,0.005,0.096,4.604,20.089,-10.888,beta
C,,39,0,0,0,0,0,0,0,0,0,0,0,0,0,0,0,0.149,0,0,0.007,0.143,2.825,19.978,-10.926,beta
C,,40,0,0,0,0,0,0,0,0,0,0,0,0,0,0,0,0.007,0,0,0,0.007,0.245,19.866,-10.956,beta
C,,41,0,0,0,0,0,0,0,0,0,0,0,0,0,0,0,1,0,0,0.195,1,-1.693,19.764,-10.969,beta
C,,42,0,0,0,0,0,0,0,0,0,0,0,0,0,0,0,0.009,0,0,0.004,0.005,-4.086,19.679,-10.968,beta
C,,43,0,0,0,0,0,0,0,0,0,0,0,0,0,0,0,0.995,0,0,0.135,0.992,-6.045,19.613,-10.966,beta
C,,44,0,0,0,0,0,0,0,0,0,0,0,0,0,0,0,0.721,0,0,0.08,0.676,-8.048,19.566,-10.982,beta
C,,45,0,0,0,0,0,0,0,0,0.002,0.021,0,0,0,0,0,1,0.022,0,0.364,1,-10.795,19.532,-11.049,beta
C,,46,0,0,0,0,0,0,0,0,0.192,0.177,0.009,0,0.117,0,0.009,0.968,0.374,0,0.11,0.958,-10.579,19.509,-11.095,none
C,,47,0,0,0,0,0,0,0,0.002,0.623,0.6,0.117,0.001,0.366,0,0.117,0.999,0.863,0,0.234,0.998,-12.85,19.492,-11.633,none
C,,48,0,0,0,0,0,0,0,0,0.328,0.547,0.001,0,0.046,0,0.001,1,0.657,0,0.406,1,-14.327,19.479,-12.214,none
C,,49,0,0,0,0,0,0,0,0.021,0.682,0.567,0.163,0.004,0.574,0.003,0.171,0.998,0.891,0,0.237,0.997,-12.282,19.466,-11.96,none
C,,50,0,0,0,0,0.004,0,0.001,0.146,0.184,0.118,0.552,0.003,0.552,0.004,0.59,0.72,0.642,0,0.055,0.7,-9.182,19.455,-11.606,beta
C,,51,0,0,0,0,0,0,0,0,0,0,0,0,0,0,0,0.974,0,0,0.117,0.959,-7.707,19.448,-11.657,beta
C,,52,0,0,0,0,0,0,0,0,0,0,0,0,0,0,0,0,0,0,0,0,-4.616,19.448,-11.651,beta
C,,53,0,0,0,0,0,0,0,0,0,0,0,0,0,0,0,0.999,0,0,0.158,0.996,-2.672,19.46,-11.628,beta
C,,54,0,0,0,0,0,0,0,0,0,0,0,0,0,0,0,0,0,0,0,0,0.426,19.488,-11.563,beta
C,,55,0,0,0,0,0,0,0,0,0,0,0,0,0,0,0,0.977,0,0,0.087,0.965,2.233,19.533,-11.453,beta
C,,56,0,0,0,0,0,0,0,0,0,0,0,0,0,0,0,0,0,0,0,0,4.923,19.595,-11.313,beta
C,,57,0,0,0,0,0,0,0,0,0,0,0,0,0,0,0,0.935,0,0,0.064,0.906,6.62,19.667,-11.166,beta
C,,58,0,0,0,0,0,0,0,0,0,0,0,0,0,0,0,0,0,0,0,0,9.212,19.739,-11.036,beta
C,,59,0,0,0,0,0,0,0,0,0,0,0,0,0,0,0,0.384,0,0,0.022,0.369,11.001,19.803,-10.939,beta
C,,60,0,0,0,0,0,0,0,0,0,0,0,0,0,0,0,0,0,0,0,0,12.702,19.849,-10.881,beta
C,,61,0,0,0,0,0,0,0,0,0,0,0,0,0,0,0,0.98,0,0,0.039,0.961,14.173,19.872,-10.855,beta
C,,62,0,0,0,0,0,0,0,0,0,0,0,0,0,0,0,0,0,0,0,0,13.973,19.875,-10.851,none
C,,63,0,0,0,0,0,0,0,0,0,0,0,0,0,0,0,0.59,0,0,0.021,0.571,16.833,19.863,-10.852,none
C,,64,0,0,0,0,0,0,0,0,0,0,0,0,0,0,0,0.89,0,0,0.038,0.875,19.727,19.844,-10.847,none
C,,65,0,0,0,0,0,0,0,0,0,0,0,0,0,0,0,0.07,0,0,0.002,0.068,20.654,19.826,-10.829,alpha
C,,66,0,0,0,0,0,0,0,0,0,0,0,0,0,0,0,0.274,0,0,0.007,0.267,19.491,19.816,-10.803,none
C,,67,0,0,0,0,0,0,0,0,0,0,0,0,0,0,0,1,0,0,0.255,1,22.309,19.814,-10.776,none
C,,68,0,0,0,0,0,0,0,0,0,0,0,0,0,0,0,1,0,0,0.389,1,22.388,19.817,-10.763,alpha
C,,69,0,0,0,0,0,0,0,0,0,0,0,0,0,0,0,0.993,0,0,0.105,0.984,19.043,19.82,-10.774,alpha
C,,70,0,0,0,0,0,0,0,0,0,0,0,0,0,0,0,1,0,0,0.162,1,18.835,19.815,-10.822,alpha
C,,71,0,0,0,0,0,0,0,0,0,0,0,0,0,0,0,0.976,0,0,0.052,0.925,15.614,19.798,-10.913,beta
C,,72,0,0,0,0,0,0,0,0,0,0,0,0,0,0,0,1,0,0,0.145,1,15.203,19.767,-11.049,beta
C,,73,0,0,0,0,0,0,0,0,0,0,0,0,0,0,0,0,0,0,0,0,12.579,19.724,-11.228,beta
C,,74,0,0,0,0,0,0,0,0,0,0,0,0,0,0,0,0.975,0,0,0.072,0.971,10.917,19.674,-11.44,beta
C,,75,0,0,0,0,0,0,0,0,0,0,0,0,0,0,0,0.888,0,0,0.041,0.848,8.646,19.624,-11.671,beta
C,,76,0,0,0,0,0,0,0,0,0,0,0,0,0,0,0,0,0,0,0,0,7.346,19.582,-11.903,beta
C,,77,0,0,0,0,0,0,0,0,0,0,0,0,0,0,0,0.993,0,0,0.083,0.981,5.541,19.555,-12.118,beta
C,,78,0,0,0,0,0,0,0,0,0,0,0,0,0,0,0,0,0,0,0,0,2.674,19.545,-12.295,beta
C,,79,0,0,0,0,0.007,0,0,0,0,0,0,0.007,0,0,0.015,0.011,0,0,0,0.011,0.505,19.554,-12.415,beta
C,,80,0.002,0,0,0,0.177,0,0.032,0.278,0,0,0.063,0.188,0.003,0.31,0.739,0.031,0.003,0,0,0.031,-2.101,19.579,-12.463,beta
C,,81,0,0,0,0,0.001,0,0,0,0,0.001,0,0.001,0,0,0.002,0.999,0.001,0,0.18,0.995,-4.581,19.616,-12.438,beta
C,,82,0.009,0,0,0,0.362,0,0.072,0.939,0.066,0.02,0.932,0.24,0.654,0.585,0.999,0.234,0.664,0,0.012,0.225,-6.518,19.655,-12.352,beta
C,,83,0,0,0,0,0.001,0,0,0.035,0.625,0.534,0.242,0.005,0.756,0.01,0.259,0.989,0.915,0,0.242,0.986,-9.249,19.688,-12.233,none
C,,84,0,0,0,0,0,0,0,0.003,0.528,0.484,0.144,0.001,0.817,0,0.146,0.947,0.93,0,0.201,0.919,-8.364,19.706,-12.083,none
C,,85,0.002,0,0,0,0.321,0,0.029,0.773,0.037,0.021,0.947,0.186,0.691,0.397,0.997,0.135,0.697,0,0.012,0.125,-5.644,19.704,-12.216,none
C,,86,0,0,0,0,0.132,0,0.007,0.002,0,0,0.001,0.075,0,0.029,0.237,0.029,0,0,0.002,0.027,-3.415,19.686,-12.343,beta
C,,87,0,0,0,0,0.023,0,0.001,0,0,0,0,0.013,0,0.001,0.038,0.895,0,0,0.072,0.837,-1.464,19.659,-12.503,beta
C,,88,0.402,0.004,0.003,0.322,0.677,0.172,0.548,0.413,0,0,0.044,0.756,0.001,0.794,1,0.126,0.175,0,0,0.126,1.853,19.635,-12.673,beta
C,,89,0.004,0,0,0.001,0.035,0.001,0.014,0,0,0,0,0.03,0,0.003,0.08,0.19,0.001,0,0.004,0.186,3.648,19.628,-12.827,beta
C,,90,0.225,0.025,0.008,0.27,0.383,0.228,0.296,0.015,0,0,0,0.578,0,0.161,0.967,0.157,0.238,0,0,0.157,6.84,19.645,-12.937,beta
C,,91,0,0,0,0,0,0,0,0,0,0,0,0,0,0,0,0,0,0,0,0,8.725,19.692,-12.981,beta
C,,92,0,0,0,0,0,0,0,0,0,0,0,0,0,0,0,0,0,0,0,0,10.705,19.763,-12.949,beta
C,,93,0,0,0,0,0,0,0,0,0,0,0,0,0,0,0,0.043,0,0,0.002,0.042,9.163,19.851,-12.842,beta
C,,94,0,0,0,0,0,0,0,0,0,0,0,0,0,0,0,1,0,0,0.122,0.998,9.582,19.946,-12.671,beta
C,,95,0,0,0,0,0,0,0,0,0,0,0,0,0,0,0,0,0,0,0,0,10.776,20.041,-12.45,alpha
C,,96,0,0,0,0,0,0,0,0,0,0,0,0,0,0,0,0.021,0,0,0,0.021,8.737,20.138,-12.186,none
C,,97,0,0,0,0,0,0,0,0,0,0,0,0,0,0,0,0,0,0,0,0,10.746,20.244,-11.879,none
C,,98,0,0,0,0,0,0,0,0,0,0,0,0,0,0,0,0.997,0,0,0.148,0.995,8.971,20.373,-11.532,alpha
C,,99,0,0,0,0,0,0,0,0,0,0,0,0,0,0,0,0.972,0,0,0.056,0.965,6.231,20.535,-11.154,alpha
C,,100,0,0,0,0,0,0,0,0,0,0,0,0,0,0,0,0.041,0,0,0.001,0.041,6.628,20.736,-10.77,alpha
C,,101,0,0,0,0,0,0,0,0,0,0,0,0,0,0,0,0,0,0,0,0,9.384,20.97,-10.418,alpha
C,,102,0,0,0,0,0,0,0,0,0,0,0,0,0,0,0,0.51,0,0,0.019,0.495,7.194,21.227,-10.139,none
C,,103,0,0,0,0,0,0,0,0,0,0,0,0,0,0,0,1,0,0,0.285,1,5.154,21.494,-9.956,none
C,,104,0,0,0,0,0,0,0,0,0,0,0,0,0,0,0,0,0,0,0,0,7.088,21.756,-9.873,none
C,,105,0,0,0,0,0,0,0,0,0,0,0,0,0,0,0,1,0,0,0.142,1,7,21.996,-9.867,alpha
C,,106,0,0,0,0,0,0,0,0,0,0,0,0,0,0,0,0.999,0,0,0.111,0.998,4.715,22.201,-9.901,alpha
C,,107,0,0,0,0,0,0,0,0,0,0,0,0,0,0,0,0.885,0,0,0.013,0.877,6.929,22.354,-9.943,alpha
C,,108,0,0,0,0,0,0,0,0,0,0,0,0,0,0,0,0.947,0,0,0.021,0.94,6.94,22.445,-9.972,none
C,,109,0,0,0,0,0,0,0,0,0,0,0,0,0,0,0,0.998,0,0,0.029,0.995,10.362,22.466,-9.985,none
C,,110,0,0,0,0,0,0,0,0,0,0,0,0,0,0,0,1,0,0,0.085,1,12.685,22.411,-9.998,alpha
C,,111,0,0,0,0,0,0,0,0,0,0,0,0,0,0,0,0.858,0,0,0.015,0.844,12.192,22.282,-10.038,alpha
C,,112,0,0,0,0,0,0,0,0,0,0,0,0,0,0,0,0.831,0,0,0.015,0.821,12.815,22.085,-10.134,alpha
C,,113,0,0,0,0,0,0,0,0,0,0,0,0,0,0,0,0.999,0,0,0.037,0.999,15.632,21.836,-10.309,alpha
C,,114,0,0,0,0,0,0,0,0,0,0,0,0,0,0,0,0.917,0,0,0.001,0.917,18.105,21.556,-10.571,none
C,,115,0,0,0,0,0,0,0,0,0,0,0,0,0,0,0,0.284,0,0,0,0.284,17.886,21.276,-10.904,none
C,,116,0,0,0,0,0,0,0,0,0,0,0,0,0,0,0,0.851,0,0,0.024,0.832,18.473,21.022,-11.274,alpha
C,,117,0,0,0,0,0,0,0,0,0,0,0,0,0,0,0,0.995,0,0,0.045,0.99,17.404,20.814,-11.634,none
C,,118,0,0,0,0,0,0,0,0,0,0,0,0,0,0,0,0.194,0,0,0.002,0.192,18.644,20.656,-11.946,none
C,,119,0,0,0,0,0,0,0,0,0,0,0,0,0,0,0,0.893,0,0,0.171,0.778,19.754,20.541,-12.192,none
C,,120,0,0,0,0,0,0,0,0,0,0,0,0,0,0,0,0.001,0,0,0,0.001,18.88,20.449,-12.377,none
C,,121,0,0,0,0,0,0,0,0,0,0,0,0,0,0,0,0,0,0,0,0,15.384,20.362,-12.52,none
C,,122,0,0,0,0,0,0,0,0,0,0,0,0,0,0,0,0,0,0,0,0,14.888,20.265,-12.641,none
C,,123,0,0,0,0,0,0,0,0,0,0,0,0,0,0,0,0.937,0,0,0.034,0.919,13.485,20.158,-12.746,none
C,,124,0,0,0,0,0,0,0,0,0,0,0,0,0,0,0,0.998,0,0,0.123,0.996,13.107,20.048,-12.827,beta
C,,125,0,0,0,0,0,0,0,0,0,0,0,0,0,0,0,0,0,0,0,0,15.016,19.951,-12.869,beta
C,,126,0,0,0,0,0,0,0,0,0,0,0,0,0,0,0,0,0,0,0,0,14.84,19.888,-12.858,beta
C,,127,0,0,0,0,0,0,0,0,0,0,0,0,0,0,0,0,0,0,0,0,13.438,19.872,-12.792,beta
C,,128,0,0.008,0.003,0.001,0.001,0.011,0,0,0,0,0,0,0,0,0.002,0.007,0.021,0,0,0.007,11.352,19.912,-12.683,beta
C,,129,0.067,0.024,0.008,0.119,0.138,0.166,0.059,0,0,0,0,0.023,0,0.001,0.337,0.082,0.186,0,0,0.082,8.517,20.001,-12.554,beta
C,,130,0.069,0,0,0.073,0.128,0.034,0.066,0,0,0,0,0.021,0,0.001,0.308,0.052,0.034,0,0.001,0.051,5.981,20.121,-12.43,beta
C,,131,0.517,0.007,0.002,0.355,0.78,0.174,0.673,0.271,0,0,0.032,0.664,0.001,0.528,1,0.1,0.176,0,0.001,0.1,3.116,20.249,-12.331,beta
C,,132,0.001,0,0,0,0.071,0,0.012,0,0,0,0,0.062,0,0.003,0.141,0.989,0,0,0.104,0.974,0.421,20.36,-12.265,beta
C,,133,0.011,0,0,0,0.365,0,0.082,0.007,0,0,0.001,0.243,0,0.08,0.62,0.056,0,0,0.007,0.049,-2.196,20.432,-12.234,beta
C,,134,0,0,0,0,0,0,0,0,0,0.001,0,0,0,0,0,0.999,0.001,0,0.32,0.997,-4.647,20.454,-12.23,none
C,,135,0,0,0,0,0,0,0,0,0.005,0.401,0,0,0,0,0,1,0.402,0,0.499,0.999,-6.547,20.419,-12.244,alpha
C,,136,0.036,0,0,0.004,0.626,0,0.236,0.876,0.001,0,0.538,0.631,0.063,0.858,1,0.005,0.063,0,0,0.005,-5.184,20.328,-12.269,alpha
C,,137,0.021,0,0,0,0.602,0,0.158,0.955,0.072,0.051,0.977,0.519,0.819,0.783,1,0.158,0.83,0,0.018,0.145,-7.351,20.188,-12.302,alpha
C,,138,0,0,0,0,0,0,0,0.001,0.572,0.611,0.039,0,0.626,0,0.039,0.915,0.891,0,0.248,0.865,-9.785,20.013,-12.327,alpha
C,,139,0,0,0,0,0.032,0,0.001,0.608,0.598,0.506,0.965,0.05,0.959,0.138,0.98,0.812,0.982,0,0.162,0.756,-9.42,19.823,-12.445,none
C,,140,0,0,0,0,0.057,0,0.004,0.517,0.342,0.405,0.934,0.041,0.88,0.106,0.977,0.632,0.925,0,0.121,0.566,-7.917,19.65,-12.341,none
C,,141,0,0,0,0,0.001,0,0,0.001,0.606,0.858,0.043,0.001,0.487,0,0.045,1,0.941,0,0.597,0.999,-9.055,19.522,-12.253,none
C,,142,0,0,0,0,0.001,0,0,0.002,0.134,0.145,0.065,0.004,0.325,0.001,0.071,0.977,0.392,0,0.494,0.861,-6.111,19.456,-12.217,none
C,,143,0.008,0,0,0.001,0.217,0,0.064,0.581,0.015,0.002,0.44,0.144,0.239,0.367,0.966,0.062,0.245,0,0.015,0.047,-3.431,19.446,-12.185,beta
C,,144,0,0,0,0,0.001,0,0,0,0,0,0,0,0,0,0.001,0.998,0,0,0.253,0.983,-1.58,19.465,-12.171,beta
C,,145,0.537,0.002,0.003,0.206,0.825,0.046,0.788,0.103,0,0,0.003,0.707,0,0.402,1,0.063,0.047,0,0.001,0.062,1.314,19.465,-12.181,beta
C,,146,0.016,0,0,0.003,0.076,0.001,0.026,0,0,0,0,0.038,0,0,0.139,0.019,0.001,0,0,0.019,3.673,19.404,-12.218,beta
C,,147,0.733,0.003,0.004,0.497,0.612,0.182,0.705,0.002,0,0,0,0.299,0,0.023,0.994,0.083,0.186,0,0.001,0.083,6.561,19.264,-12.285,beta
C,,148,0.17,0.002,0.001,0.174,0.135,0.14,0.14,0,0,0,0,0.018,0,0,0.489,0.045,0.142,0,0,0.045,9.154,19.067,-12.376,beta
C,,149,0.634,0.421,0.285,0.798,0.413,0.779,0.432,0,0,0,0,0.194,0,0.009,0.982,0.873,0.808,0,0.055,0.861,11.888,18.788,-12.471,beta
C,,150,0,0.076,0.035,0.002,0.002,0.042,0,0,0,0,0,0,0,0,0.003,0.099,0.144,0,0.006,0.093,14.545,18.938,-12.543,beta
C,,151,0,0.192,0.173,0.002,0.001,0.083,0,0,0,0,0,0,0,0,0.003,0.437,0.353,0,0.072,0.398,16.389,19.009,-12.555,alpha
C,,152,0,0.303,0.221,0,0,0.075,0,0,0,0,0,0,0,0,0,1,0.433,0,0.136,1,20.322,19.479,-12.478,alpha
C,,153,0,0,0,0,0,0,0,0,0,0,0,0,0,0,0,0.003,0,0,0,0.003,21.427,19.529,-12.298,beta
C,,154,0,0,0,0,0,0,0,0,0,0,0,0,0,0,0,0.152,0,0,0.006,0.146,24.748,19.611,-12.026,alpha
C,,155,0,0,0,0,0,0,0,0,0,0,0,0,0,0,0,0.974,0,0,0.086,0.953,28.051,19.66,-11.697,beta
C,,156,0,0,0,0,0,0,0,0,0,0,0,0,0,0,0,1,0,0,0.282,1,28.297,19.692,-11.359,alpha
C,,157,0,0,0,0,0,0,0,0,0,0,0,0,0,0,0,1,0,0,0.286,1,28.764,19.705,-11.06,none
C,,158,0,0,0,0,0,0,0,0,0,0,0,0,0,0,0,1,0,0,0.436,1,32.121,19.7,-10.83,none
C,,159,0,0,0,0,0,0,0,0,0,0,0,0,0,0,0,1,0,0,0.557,1,34.439,19.676,-10.683,none
C,,160,0,0,0,0,0,0,0,0,0,0,0,0,0,0,0,1,0,0,0.277,1,36.207,19.638,-10.611,alpha
C,,161,0,0,0,0,0,0,0,0,0,0,0,0,0,0,0,1,0,0,0.351,1,34.279,19.594,-10.595,alpha
C,,162,0,0,0,0,0,0,0,0,0,0,0,0,0,0,0,1,0,0,0.33,1,33.587,19.555,-10.616,alpha
C,,163,0,0,0,0,0,0,0,0,0,0,0,0,0,0,0,1,0,0,0.27,1,30.637,19.53,-10.659,none
C,,164,0,0,0,0,0,0,0,0,0,0,0,0,0,0,0,0.967,0,0,0.079,0.958,27.981,19.523,-10.724,none
C,,165,0,0,0,0,0,0,0,0,0,0,0,0,0,0,0,0.945,0,0,0.08,0.92,27.223,19.532,-10.824,beta
C,,166,0,0.002,0.044,0,0,0,0,0,0,0,0,0,0,0,0,0.427,0.045,0,0.042,0.391,23.52,19.553,-10.98,alpha
C,,167,0,0,0,0,0,0,0,0,0,0,0,0,0,0,0,0.998,0,0,0.119,0.993,22.608,19.58,-11.206,none
C,,168,0,0,0,0,0,0,0,0,0,0,0,0,0,0,0,0.987,0,0,0.054,0.972,21.827,19.611,-11.506,none
C,,169,0,0,0,0,0,0,0,0,0,0,0,0,0,0,0,0.969,0,0,0.045,0.923,24.869,19.645,-11.861,alpha
C,,170,0,0,0,0,0,0,0,0,0,0,0,0,0,0,0,0.994,0,0,0.147,0.986,26.261,19.684,-12.233,alpha
C,,171,0,0,0,0,0,0,0,0,0,0,0,0,0,0,0,1,0,0,0.373,1,28.155,19.733,-12.577,alpha
C,,172,0,0,0,0,0,0,0,0,0,0,0,0,0,0,0,0.987,0,0,0.105,0.974,28.53,19.791,-12.849,alpha
C,,173,0,0,0,0,0,0,0,0,0,0,0,0,0,0,0,0.994,0,0,0.199,0.964,26.792,19.857,-13.019,alpha
C,,174,0,0,0,0,0,0,0,0,0,0,0,0,0,0,0,0.999,0,0,0.251,0.993,24.081,19.927,-13.078,alpha
C,,175,0,0,0,0,0,0,0,0,0,0,0,0,0,0,0,0.605,0,0,0.027,0.578,24.103,19.995,-13.036,alpha
C,,176,0,0,0,0,0,0,0,0,0,0,0,0,0,0,0,0,0,0,0,0,22.562,20.049,-12.918,beta
C,,177,0,0,0.001,0,0,0,0,0,0,0,0,0,0,0,0,0.973,0.001,0,0.055,0.962,21.767,20.067,-12.753,alpha
C,,178,0,0.444,0.528,0,0,0.155,0,0,0,0,0,0,0,0,0,0.998,0.728,0,0.144,0.998,18.545,20.12,-12.572,alpha
C,,179,0,0.172,0.089,0,0,0.085,0,0,0,0,0,0,0,0,0,0.54,0.311,0,0.03,0.52,16.656,19.654,-12.394,beta
C,,180,0.443,0.267,0.115,0.697,0.246,0.722,0.267,0,0,0,0,0.007,0,0.001,0.894,0.732,0.763,0,0.04,0.715,13.642,19.426,-12.23,beta
C,,181,0.128,0.021,0.003,0.217,0.119,0.23,0.096,0,0,0,0,0,0,0,0.505,0.096,0.245,0,0.004,0.093,11.494,18.866,-12.072,beta
C,,182,0.325,0.011,0.004,0.277,0.369,0.125,0.309,0,0,0,0,0.024,0,0,0.859,0.068,0.129,0,0.002,0.067,8.519,18.322,-11.907,beta
C,,183,0.154,0.003,0.001,0.082,0.248,0.045,0.188,0,0,0,0,0.025,0,0,0.611,0.054,0.049,0,0,0.054,6.421,17.802,-11.713,beta
C,,184,0.533,0.004,0.003,0.298,0.633,0.08,0.612,0.163,0,0,0.009,0.479,0,0.425,0.997,0.049,0.081,0,0,0.049,3.66,17.137,-11.477,beta
C,,185,0.005,0,0,0,0.032,0,0.008,0.001,0,0,0,0.03,0,0.007,0.081,0.369,0,0,0.009,0.359,1.338,17.946,-11.189,beta
C,,186,0.223,0.001,0.002,0.112,0.585,0.038,0.372,0.896,0.028,0.011,0.865,0.492,0.584,0.744,1,0.076,0.611,0,0.002,0.074,-1.861,18.593,-10.856,beta
C,,187,0,0,0,0,0.002,0,0,0.013,0.013,0.061,0.049,0.007,0.215,0.006,0.074,1,0.266,0,0.61,0.997,-3.753,19.227,-10.496,beta
C,,188,0.002,0,0,0,0.139,0,0.024,0.659,0.704,0.576,0.962,0.079,0.98,0.2,0.984,0.946,0.989,0,0.516,0.841,-6.651,19.744,-10.097,beta
C,,189,0,0,0,0,0,0,0,0.015,0.85,0.908,0.143,0.001,0.74,0.005,0.152,1,0.993,0,0.709,1,-7.89,20.107,-9.904,none
C,,190,0,0,0,0,0,0,0,0.013,0.509,0.384,0.159,0.001,0.681,0.004,0.165,0.869,0.887,0,0.316,0.755,-6.532,20.311,-9.538,none
C,,191,0.08,0,0,0.012,0.579,0,0.258,0.908,0.081,0.03,0.948,0.398,0.716,0.677,1,0.381,0.723,0,0.093,0.296,-2.92,20.373,-9.829,beta
C,,192,0,0,0,0,0.004,0,0,0.022,0.001,0,0.065,0.011,0.134,0.007,0.106,0.11,0.134,0,0.022,0.088,-0.467,20.322,-10.083,beta
C,,193,0.303,0.001,0.001,0.207,0.533,0.076,0.386,0.424,0.001,0,0.242,0.496,0.113,0.529,0.998,0.037,0.185,0,0,0.037,2.202,20.191,-10.393,beta
C,,194,0.13,0.001,0.002,0.11,0.269,0.052,0.165,0.003,0,0,0,0.183,0,0.033,0.748,0.028,0.053,0,0,0.028,4.242,20.019,-10.721,beta
C,,195,0.329,0.037,0.009,0.4,0.338,0.302,0.29,0.001,0,0,0,0.171,0,0.018,0.892,0.082,0.308,0,0,0.082,7.473,19.843,-11.041,beta
C,,196,0.177,0.029,0.004,0.189,0.151,0.204,0.123,0,0,0,0,0.018,0,0,0.536,0.057,0.22,0,0,0.057,9.478,19.72,-11.328,beta
C,,197,0.553,0.158,0.114,0.727,0.412,0.648,0.449,0,0,0,0,0.053,0,0,0.939,0.561,0.686,0,0.058,0.528,12.263,19.546,-11.565,beta
C,,198,0.002,0.063,0.041,0.029,0.01,0.137,0.003,0,0,0,0,0,0,0,0.044,0.252,0.22,0,0.04,0.214,14.922,20.178,-11.746,beta
C,,199,0.019,0.482,0.165,0.233,0.042,0.674,0.01,0,0,0,0,0,0,0,0.288,0.822,0.811,0,0.086,0.803,17.963,20.774,-11.879,beta
C,,200,0,0.018,0.008,0,0,0.003,0,0,0,0,0,0,0,0,0,0.159,0.029,0,0.004,0.155,19.594,20.987,-11.979,beta
C,,201,0,0.594,0.234,0,0,0.272,0,0,0,0,0,0,0,0,0,1,0.676,0,0.169,0.999,22.705,21.286,-12.062,beta
C,,202,0,0,0.001,0,0,0,0,0,0,0,0,0,0,0,0,0.948,0.001,0,0.076,0.924,25.637,20.984,-12.139,alpha
C,,203,0,0,0.001,0,0,0,0,0,0,0,0,0,0,0,0,0.998,0.001,0,0.139,0.994,27.597,20.755,-12.21,alpha
C,,204,0,0,0,0,0,0,0,0,0,0,0,0,0,0,0,1,0,0,0.337,1,31.249,20.544,-12.271,alpha
C,,205,0,0,0,0,0,0,0,0,0,0,0,0,0,0,0,0.997,0,0,0.111,0.989,31.588,20.392,-12.312,alpha
C,,206,0,0,0,0,0,0,0,0,0,0,0,0,0,0,0,0.916,0,0,0.05,0.867,30.811,20.303,-12.329,alpha
C,,207,0,0,0,0,0,0,0,0,0,0,0,0,0,0,0,1,0,0,0.204,0.998,32.842,20.268,-12.322,none
C,,208,0,0,0,0,0,0,0,0,0,0,0,0,0,0,0,1,0,0,0.276,1,36.359,20.267,-12.298,none
C,,209,0,0,0,0,0,0,0,0,0,0,0,0,0,0,0,1,0,0,0.202,1,38.454,20.289,-12.264,none
C,,210,0,0,0,0,0,0,0,0,0,0,0,0,0,0,0,1,0,0,0.195,1,37.337,20.328,-12.229,none
C,,211,0,0,0,0,0,0,0,0,0,0,0,0,0,0,0,1,0,0,0.317,1,34.772,20.396,-12.198,alpha
C,,212,0,0,0,0,0,0,0,0,0,0,0,0,0,0,0,0.942,0,0,0.065,0.928,33.815,20.506,-12.172,beta
C,,213,0,0,0,0,0,0,0,0,0,0,0,0,0,0,0,0.952,0,0,0.033,0.929,30.952,20.674,-12.151,alpha
C,,214,0,0,0,0,0,0,0,0,0,0,0,0,0,0,0,1,0,0,0.155,1,31.77,20.904,-12.132,alpha
C,,215,0,0,0.001,0,0,0,0,0,0,0,0,0,0,0,0,1,0.001,0,0.145,0.999,29.984,21.183,-12.111,alpha
C,,216,0,0.009,0.083,0,0,0,0,0,0,0,0,0,0,0,0,1,0.085,0,0.339,1,27.64,21.478,-12.08,none
C,,217,0,0.669,0.255,0.001,0,0.232,0,0,0,0,0,0,0,0,0.001,0.999,0.733,0,0.176,0.999,23.904,21.825,-12.029,beta
C,,218,0,0,0,0,0,0,0,0,0,0,0,0,0,0,0,0.034,0,0,0.002,0.033,22.133,21.712,-11.946,beta
C,,219,0,0.233,0.345,0.001,0,0.15,0,0,0,0,0,0,0,0,0.001,0.937,0.515,0,0.185,0.932,19.86,21.678,-11.816,beta
C,,220,0,0.064,0.076,0,0,0.009,0,0,0,0,0,0,0,0,0,0.282,0.122,0,0.087,0.217,17.173,21.169,-11.631,beta
C,,221,0.35,0.73,0.546,0.623,0.207,0.85,0.223,0,0,0,0,0.069,0,0.004,0.713,0.953,0.962,0,0.199,0.941,14.507,20.651,-11.39,beta
C,,222,0.037,0.315,0.035,0.21,0.022,0.531,0.015,0,0,0,0,0.006,0,0,0.27,0.145,0.705,0,0.01,0.138,11.885,20.705,-11.104,beta
C,,223,0.236,0.259,0.032,0.51,0.288,0.677,0.231,0,0,0,0,0.189,0,0.015,0.856,0.163,0.711,0,0.009,0.157,9.378,20.732,-10.796,beta
C,,224,0.086,0.001,0,0.079,0.157,0.056,0.098,0,0,0,0,0.1,0,0.006,0.46,0.013,0.057,0,0,0.013,7.056,20.817,-10.498,beta
C,,225,0.444,0.001,0,0.173,0.689,0.048,0.566,0.115,0,0,0.013,0.569,0.001,0.403,0.999,0.025,0.049,0,0,0.025,4.153,20.933,-10.244,beta
C,,226,0.001,0,0,0,0.186,0,0.008,0.01,0,0,0.003,0.077,0,0.022,0.3,0.873,0,0,0.07,0.844,1.972,21.065,-10.063,beta
C,,227,0.021,0,0,0.004,0.469,0,0.097,0.838,0.262,0.128,0.971,0.268,0.861,0.489,0.999,0.382,0.878,0,0.046,0.346,-1.128,21.2,-9.972,beta
C,,228,0,0,0,0,0,0,0,0.002,0.005,0.105,0.019,0.001,0.047,0,0.021,0.999,0.151,0,0.451,0.995,-3.12,21.326,-9.979,beta
C,,229,0,0,0,0,0.001,0,0,0.006,0.513,0.421,0.104,0.001,0.476,0,0.107,0.906,0.816,0,0.219,0.874,-6.694,21.429,-9.995,beta
C,,230,0,0,0,0,0,0,0,0.005,0.865,0.728,0.119,0.001,0.677,0,0.12,0.999,0.969,0,0.341,0.999,-8.73,21.498,-10.462,none
C,,231,0,0,0,0,0,0,0,0.004,0.597,0.467,0.081,0,0.575,0,0.082,0.996,0.865,0,0.255,0.992,-5.804,21.518,-10.669,none
C,,232,0.001,0,0,0,0.24,0,0.013,0.563,0.12,0.055,0.893,0.137,0.745,0.233,0.971,0.53,0.764,0,0.065,0.48,-3.185,21.476,-10.462,beta
C,,233,0,0,0,0,0.044,0,0,0.041,0.001,0,0.032,0.03,0.034,0.025,0.16,0.975,0.034,0,0.147,0.954,0,21.363,-10.294,beta
C,,234,0.119,0,0,0.007,0.81,0.001,0.511,0.646,0,0,0.264,0.544,0.051,0.677,0.999,0.033,0.052,0,0,0.033,2.69,21.173,-10.129,beta
C,,235,0.033,0,0,0.003,0.439,0.001,0.194,0.006,0,0,0,0.166,0,0.045,0.701,0.018,0.001,0,0,0.018,5.048,20.912,-10.014,beta
C,,236,0.13,0,0,0.035,0.517,0.01,0.392,0.003,0,0,0.001,0.21,0,0.035,0.913,0.017,0.01,0,0,0.017,8.316,20.602,-9.98,beta
C,,237,0.028,0.001,0,0.021,0.045,0.017,0.022,0,0,0,0,0.015,0,0,0.125,0.003,0.018,0,0,0.003,9.986,20.296,-10.044,beta
C,,238,0.637,0.511,0.34,0.809,0.389,0.829,0.436,0.001,0,0,0,0.324,0,0.045,0.986,0.773,0.92,0,0.082,0.752,12.919,19.911,-10.206,beta
C,,239,0.001,0.311,0.075,0.011,0.002,0.228,0.001,0,0,0,0,0,0,0,0.014,0.302,0.531,0,0.046,0.262,15.286,20.322,-10.444,beta
C,,240,0.018,0.79,0.538,0.069,0.011,0.453,0.006,0,0,0,0,0.003,0,0,0.092,0.958,0.919,0,0.263,0.944,18.342,20.667,-10.72,beta
C,,241,0,0.037,0.065,0,0,0,0,0,0,0,0,0,0,0,0,0.361,0.098,0,0.092,0.286,20.795,20.959,-10.986,beta
C,,242,0,0.164,0.293,0.001,0,0.018,0,0,0,0,0,0,0,0,0.001,1,0.359,0,0.296,1,23.461,20.868,-11.197,beta
C,,243,0,0,0.002,0,0,0,0,0,0,0,0,0,0,0,0,0.841,0.002,0,0.053,0.828,25.538,20.847,-11.32,none
C,,244,0,0,0,0,0,0,0,0,0,0,0,0,0,0,0,0,0,0,0,0,22.83,20.867,-11.342,alpha
C,,245,0,0,0,0,0,0,0,0,0,0,0,0,0,0,0,0.66,0,0,0,0.66,23.089,20.947,-11.277,none
C,,246,0,0,0,0,0,0,0,0,0,0,0,0,0,0,0,0.998,0,0,0.35,0.996,25.188,21.07,-11.161,beta
C,,247,0,0,0,0,0,0,0,0,0,0,0,0,0,0,0,0.878,0,0,0.001,0.877,27.558,21.198,-11.041,alpha
C,,248,0,0,0,0,0,0,0,0,0,0,0,0,0,0,0,0.983,0,0,0.163,0.953,27.69,21.296,-10.956,none
C,,249,0,0,0,0,0,0,0,0,0,0,0,0,0,0,0,1,0,0,0.461,1,30.483,21.339,-10.928,none
C,,250,0,0,0,0,0,0,0,0,0,0,0,0,0,0,0,0.999,0,0,0.163,0.996,32.032,21.328,-10.948,none
C,,251,0,0,0,0,0,0,0,0,0,0,0,0,0,0,0,0.021,0,0,0.003,0.018,30.762,21.28,-10.982,beta
C,,252,0,0,0,0,0,0,0,0,0,0,0,0,0,0,0,0.72,0,0,0.041,0.681,28.277,21.224,-10.987,beta
C,,253,0,0,0,0,0,0,0,0,0,0,0,0,0,0,0,0,0,0,0,0,27.577,21.184,-10.925,alpha
C,,254,0,0,0,0,0,0,0,0,0,0,0,0,0,0,0,1,0,0,0.15,1,28.5,21.171,-10.783,none
C,,255,0,0.223,0.09,0,0,0.015,0,0,0,0,0,0,0,0,0,1,0.267,0,0.378,0.999,25.693,21.181,-10.572,beta
C,,256,0,0.001,0.002,0,0,0,0,0,0,0,0,0,0,0,0,0.159,0.002,0,0.029,0.13,23.55,21.19,-10.328,beta
C,,257,0,0.4,0.323,0.007,0,0.101,0,0,0,0,0,0,0,0,0.008,0.954,0.573,0,0.228,0.941,20.458,21.238,-10.1,beta
C,,258,0,0.04,0.047,0,0,0.001,0,0,0,0,0,0,0,0,0,0.271,0.083,0,0.037,0.239,17.87,20.918,-9.933,beta
C,,259,0.589,0.244,0.23,0.696,0.428,0.632,0.51,0.001,0,0,0,0.228,0,0.018,0.99,0.779,0.731,0,0.078,0.76,15.114,20.572,-9.863,beta
C,,260,0.001,0.001,0,0.003,0.003,0.009,0,0,0,0,0,0.001,0,0,0.008,0.002,0.009,0,0,0.002,12.625,20.904,-9.908,beta
C,,261,0.164,0.001,0,0.028,0.436,0.011,0.404,0.002,0,0,0,0.153,0,0.012,0.894,0.014,0.011,0,0,0.014,9.552,21.169,-10.062,beta
C,,262,0.223,0,0,0.029,0.408,0.003,0.416,0.002,0,0,0,0.148,0,0.015,0.877,0.012,0.003,0,0,0.012,7.228,21.438,-10.305,beta
C,,263,0.234,0,0,0.029,0.581,0.003,0.479,0.18,0,0,0.058,0.433,0.026,0.345,0.992,0.023,0.029,0,0,0.023,4.406,21.657,-10.599,beta
C,,264,0.001,0,0,0,0.279,0,0.027,0.141,0,0,0.054,0.317,0.029,0.214,0.811,0.218,0.029,0,0.026,0.193,2.098,21.802,-10.904,beta
C,,265,0.004,0,0,0,0.395,0,0.044,0.883,0.266,0.194,0.969,0.423,0.85,0.633,1,0.509,0.868,0,0.065,0.467,-1.336,21.866,-11.178,beta
C,,266,0,0,0,0,0,0,0,0,0.021,0.03,0.002,0,0.019,0,0.002,1,0.067,0,0.231,0.998,-3.766,21.865,-11.389,alpha
C,,267,0,0,0,0,0.158,0,0.01,0.872,0.211,0.226,0.921,0.281,0.713,0.601,0.999,0.78,0.778,0,0.091,0.744,-5.701,21.828,-11.503,alpha
C,,268,0,0,0,0,0,0,0,0,0.468,0.777,0.016,0,0.255,0,0.016,1,0.877,0,0.364,1,-8.89,21.792,-11.625,none
C,,269,0,0,0,0,0.033,0,0,0.798,0.863,0.721,0.99,0.09,0.99,0.288,0.999,0.983,0.998,0,0.215,0.977,-8.641,21.785,-11.099,none
C,,270,0,0,0,0,0,0,0,0.02,0.517,0.192,0.404,0.002,0.941,0,0.406,0.681,0.957,0,0.078,0.617,-5.629,21.819,-10.449,none
C,,271,0.001,0,0,0,0.288,0,0.03,0.667,0.001,0.001,0.805,0.359,0.39,0.63,0.997,0.005,0.39,0,0,0.005,-2.542,21.885,-10.66,beta
C,,272,0,0,0,0,0.004,0,0,0.001,0,0,0,0.005,0,0.002,0.012,0.994,0,0,0.152,0.986,-0.429,21.957,-10.767,beta
C,,273,0.039,0,0,0.001,0.637,0,0.284,0.362,0,0,0.034,0.838,0.001,0.78,0.999,0.015,0.001,0,0,0.015,2.513,22.005,-10.857,beta
C,,274,0.007,0,0,0,0.168,0,0.043,0.018,0,0,0.005,0.254,0,0.066,0.472,0.011,0,0,0,0.011,4.804,22.008,-10.872,beta
C,,275,0.758,0,0,0.358,0.664,0.045,0.763,0.086,0,0,0.02,0.725,0,0.385,1,0.024,0.045,0,0,0.024,7.969,21.961,-10.795,beta
C,,276,0.307,0,0,0.112,0.178,0.028,0.243,0,0,0,0,0.086,0,0.005,0.741,0.009,0.028,0,0,0.009,10.233,21.885,-10.637,beta
C,,277,0.773,0.252,0.152,0.865,0.576,0.787,0.709,0.002,0,0,0,0.278,0,0.031,1,0.77,0.817,0,0.034,0.758,13.19,21.756,-10.424,beta
C,,278,0,0.048,0.025,0.001,0,0.035,0,0,0,0,0,0,0,0,0.001,0.317,0.106,0,0.012,0.304,15.654,21.949,-10.19,beta
C,,279,0.003,0.443,0.198,0.036,0.003,0.302,0.001,0,0,0,0,0,0,0,0.041,0.884,0.652,0,0.088,0.864,18.901,22.141,-9.968,beta
C,,280,0,0.001,0.004,0,0,0,0,0,0,0,0,0,0,0,0,0.883,0.005,0,0.007,0.882,21.347,21.995,-9.78,beta
C,,281,0,0.436,0.129,0,0,0.117,0,0,0,0,0,0,0,0,0,0.999,0.491,0,0.251,0.998,24.046,21.894,-9.639,beta
C,,282,0,0,0.001,0,0,0,0,0,0,0,0,0,0,0,0,0.1,0.001,0,0.008,0.092,26.646,21.604,-9.545,beta
C,,283,0,0.184,0.074,0,0,0.005,0,0,0,0,0,0,0,0,0,1,0.225,0,0.383,1,28.998,21.31,-9.489,beta
C,,284,0,0,0.001,0,0,0,0,0,0,0,0,0,0,0,0,1,0.001,0,0.309,1,31.93,21.248,-9.461,none
C,,285,0,0,0,0,0,0,0,0,0,0,0,0,0,0,0,0.586,0,0,0.026,0.567,32.689,21.182,-9.443,alpha
C,,286,0,0,0,0,0,0,0,0,0,0,0,0,0,0,0,1,0,0,0.148,1,36.295,21.152,-9.425,alpha
C,,287,0,0,0,0,0,0,0,0,0,0,0,0,0,0,0,1,0,0,0.442,1,38.854,21.148,-9.4,none
C,,288,0,0,0,0,0,0,0,0,0,0,0,0,0,0,0,1,0,0,0.263,0.999,39.189,21.166,-9.369,none
C,,289,0,0,0,0,0,0,0,0,0,0,0,0,0,0,0,0.996,0,0,0.29,0.99,35.968,21.203,-9.346,alpha
C,,290,0,0,0,0,0,0,0,0,0,0,0,0,0,0,0,1,0,0,0.539,1,34.279,21.257,-9.347,alpha
C,,291,0,0.002,0.014,0,0,0,0,0,0,0,0,0,0,0,0,1,0.015,0,0.49,1,31.379,21.33,-9.392,none
C,,292,0,0.005,0.027,0,0,0,0,0,0,0,0,0,0,0,0,0.999,0.029,0,0.526,0.994,29.858,21.422,-9.495,beta
C,,293,0,0.012,0.076,0,0,0,0,0,0,0,0,0,0,0,0,0.991,0.083,0,0.351,0.971,26.989,21.532,-9.659,beta
C,,294,0,0,0,0,0,0,0,0,0,0,0,0,0,0,0,0.885,0,0,0.024,0.885,25.147,21.657,-9.873,beta
C,,295,0,0,0,0,0,0,0,0,0,0,0,0,0,0,0,0.944,0,0,0.001,0.944,22.36,21.787,-10.117,beta
C,,296,0,0.591,0.212,0.002,0,0.228,0,0,0,0,0,0,0,0,0.002,0.992,0.673,0,0.126,0.99,20.509,21.927,-10.358,beta
C,,297,0,0.059,0.031,0.001,0,0.052,0,0,0,0,0,0,0,0,0.001,0.812,0.142,0,0.017,0.808,17.928,21.996,-10.558,beta
C,,298,0.508,0.082,0.048,0.803,0.149,0.589,0.153,0,0,0,0,0.035,0,0.001,0.946,0.524,0.608,0,0.017,0.514,14.983,22.049,-10.683,beta
C,,299,0.004,0,0,0.002,0.003,0.002,0.003,0,0,0,0,0,0,0,0.012,0.001,0.002,0,0,0.001,12.407,22.064,-10.709,beta
C,,300,0.709,0,0,0.503,0.467,0.058,0.569,0.007,0,0,0,0.466,0,0.046,0.996,0.021,0.058,0,0,0.021,9.801,22.038,-10.632,beta
C,,301,0.024,0,0,0.001,0.386,0,0.178,0.002,0,0,0,0.447,0,0.059,0.85,0.004,0,0,0,0.004,7.466,21.971,-10.475,beta
C,,302,0.004,0,0,0,0.365,0,0.074,0.014,0,0,0,0.421,0.001,0.123,0.852,0.004,0.001,0,0,0.004,4.419,21.87,-10.283,beta
C,,303,0,0,0,0,0.006,0,0,0.001,0,0,0,0.003,0.001,0.002,0.012,0.623,0.001,0,0.048,0.575,2.253,21.74,-10.109,beta
C,,304,0.086,0,0,0.004,0.61,0,0.334,0.946,0.004,0.001,0.935,0.659,0.525,0.875,1,0.02,0.525,0,0,0.02,-0.758,21.591,-9.995,beta
C,,305,0,0,0,0,0,0,0,0.002,0.207,0.167,0.15,0,0.528,0,0.15,0.999,0.658,0,0.255,0.999,-2.998,21.435,-9.967,beta
C,,306,0,0,0,0,0.097,0,0.003,0.767,0.575,0.243,0.93,0.029,0.968,0.331,0.995,0.707,0.983,0,0.1,0.665,-5.258,21.282,-9.958,beta
C,,307,0,0,0,0,0,0,0,0,0.506,0.377,0.002,0,0.117,0,0.002,1,0.688,0,0.258,0.999,-6.844,21.146,-10.292,beta
C,,308,0,0,0,0,0,0,0,0,0.027,0.044,0,0,0.001,0,0,1,0.066,0,0.428,1,-5.361,21.033,-10.316,none
C,,309,0,0,0,0,0,0,0,0,0,0,0,0,0,0,0,0.935,0,0,0.115,0.917,-4.24,20.942,-10.346,none
C,,310,0,0,0,0,0.002,0,0,0,0,0,0,0.003,0,0,0.005,0.002,0,0,0,0.002,-2.223,20.862,-10.33,beta
C,,311,0,0,0,0,0,0,0,0,0,0,0,0,0,0,0,0.868,0,0,0.068,0.801,0.173,20.766,-10.285,beta
C,,312,0.002,0,0,0,0.211,0,0.056,0.225,0,0,0.039,0.387,0.003,0.464,0.896,0.023,0.003,0,0,0.023,3.102,20.623,-10.234,beta
C,,313,0,0,0,0,0.031,0,0.002,0,0,0,0,0.038,0,0.001,0.071,0.979,0,0,0.107,0.977,5.352,20.41,-10.207,beta
C,,314,0.297,0,0,0.074,0.515,0.018,0.409,0.017,0,0,0.001,0.565,0.001,0.214,0.984,0.027,0.018,0,0,0.027,7.933,20.133,-10.229,beta
C,,315,0.005,0,0,0.001,0.024,0,0.013,0,0,0,0,0.007,0,0,0.048,0.002,0,0,0,0.002,10.218,19.862,-10.316,beta
C,,316,0.81,0.117,0.063,0.867,0.63,0.647,0.719,0.005,0,0,0,0.578,0,0.132,0.999,0.67,0.666,0,0.119,0.592,13.13,19.447,-10.466,beta
C,,317,0,0.02,0.012,0.001,0.002,0.048,0,0,0,0,0,0,0,0,0.002,0.265,0.08,0,0.062,0.203,15.499,20.431,-10.656,beta
C,,318,0.241,0.23,0.122,0.671,0.079,0.669,0.062,0,0,0,0,0.005,0,0,0.797,0.801,0.727,0,0.126,0.764,17.653,21.236,-10.857,beta
C,,319,0,0.184,0.123,0.001,0,0.065,0,0,0,0,0,0,0,0,0.001,0.899,0.298,0,0.075,0.875,20.973,22.602,-11.033,beta
C,,320,0.017,0.557,0.43,0.25,0.015,0.646,0.004,0,0,0,0,0,0,0,0.272,0.997,0.848,0,0.157,0.996,22.592,22.914,-11.159,alpha
C,,321,0,0.025,0.151,0,0,0,0,0,0,0,0,0,0,0,0,0.983,0.17,0,0.187,0.973,25.47,22.92,-11.219,alpha
C,,322,0,0.043,0.333,0,0,0,0,0,0,0,0,0,0,0,0,1,0.339,0,0.627,1,28.66,22.931,-11.211,alpha
C,,323,0,0,0.042,0,0,0,0,0,0,0,0,0,0,0,0,1,0.042,0,0.554,1,31.18,22.915,-11.143,alpha
C,,324,0,0,0.003,0,0,0,0,0,0,0,0,0,0,0,0,1,0.003,0,0.49,1,33.842,22.897,-11.033,alpha
C,,325,0,0,0,0,0,0,0,0,0,0,0,0,0,0,0,1,0,0,0.363,1,36.316,22.891,-10.902,alpha
C,,326,0,0,0,0,0,0,0,0,0,0,0,0,0,0,0,0.909,0,0,0.198,0.889,34.225,22.902,-10.771,alpha
C,,327,0,0,0,0,0,0,0,0,0,0,0,0,0,0,0,0.492,0,0,0.143,0.362,31.561,22.931,-10.655,alpha
C,,328,0,0,0,0,0,0,0,0,0,0,0,0,0,0,0,1,0,0,0.333,1,33.335,22.976,-10.557,alpha
C,,329,0,0,0,0,0,0,0,0,0,0,0,0,0,0,0,1,0,0,0.481,1,34.85,23.037,-10.469,alpha
C,,330,0,0,0,0,0,0,0,0,0,0,0,0,0,0,0,0.52,0,0,0.054,0.482,31.38,23.117,-10.377,alpha
C,,331,0,0,0,0,0,0,0,0,0,0,0,0,0,0,0,1,0,0,0.32,0.998,30.179,23.216,-10.273,none
C,,332,0,0,0,0,0,0,0,0,0,0,0,0,0,0,0,1,0,0,0.204,1,27.054,23.329,-10.156,alpha
C,,333,0,0,0,0,0,0,0,0,0,0,0,0,0,0,0,0.997,0,0,0.083,0.994,25.61,23.433,-10.038,alpha
C,,334,0,0.009,0.071,0,0,0,0,0,0,0,0,0,0,0,0,0.999,0.074,0,0.212,0.996,26.284,23.459,-9.933,alpha
C,,335,0,0.045,0.356,0,0,0.001,0,0,0,0,0,0,0,0,0,1,0.366,0,0.356,1,24.264,23.587,-9.855,none
C,,336,0.002,0.59,0.485,0.027,0.006,0.385,0.001,0,0,0,0,0,0,0,0.034,0.99,0.817,0,0.25,0.986,20.397,22.33,-9.814,alpha
C,,337,0,0.035,0.021,0,0.001,0.065,0,0,0,0,0,0,0,0,0.002,0.411,0.121,0,0.094,0.32,18.293,21.213,-9.816,beta
C,,338,0.266,0.113,0.052,0.508,0.165,0.538,0.138,0,0,0,0,0.148,0,0.002,0.842,0.657,0.597,0,0.114,0.59,14.88,19.952,-9.86,beta
C,,339,0.004,0,0,0.003,0.025,0.003,0.004,0,0,0,0,0.014,0,0,0.05,0.009,0.003,0,0,0.009,13.081,20.086,-9.946,beta
C,,340,0.418,0,0,0.19,0.391,0.023,0.427,0.047,0,0,0,0.661,0,0.311,0.996,0.038,0.023,0,0,0.038,10.278,20.107,-10.066,beta
C,,341,0,0,0,0,0.039,0,0.004,0,0,0,0,0.072,0,0.001,0.115,0.011,0,0,0,0.011,8.082,20.187,-10.205,beta
C,,342,0,0,0,0,0.073,0,0.009,0.005,0,0,0,0.226,0,0.044,0.344,0.015,0,0,0,0.015,5.334,20.253,-10.345,beta
C,,343,0,0,0,0,0,0,0,0,0,0,0,0,0,0,0,0.467,0,0,0.024,0.444,3.798,20.286,-10.47,beta
C,,344,0,0,0,0,0,0,0,0,0,0,0,0,0,0,0,0,0,0,0,0,1.045,20.29,-10.566,beta
C,,345,0,0,0,0,0,0,0,0,0,0,0,0,0,0,0,0.999,0,0,0.192,0.992,-0.632,20.279,-10.629,alpha
C,,346,0,0,0,0,0,0,0,0,0,0,0,0,0,0,0,0.992,0,0,0.167,0.984,-2.67,20.269,-10.66,alpha
